2026/07/31 15:17:28.422, 38.08, 250.00, 0, 1140, 1215, 46, P0
2026/07/31 15:17:28.629, 38.01, 250.00, 0, 1140, 1215, 46, P0
2026/07/31 15:17:28.829, 38.02, 250.00, 0, 1140, 1215, 46, P0
2026/07/31 15:17:29.030, 38.12, 250.00, 0, 1140, 1215, 46, P0
2026/07/31 15:17:29.230, 38.12, 250.00, 0, 1140, 1215, 46, P0
2026/07/31 15:17:29.430, 38.11, 250.00, 0, 1140, 1215, 46, P0
2026/07/31 15:17:29.631, 38.10, 250.00, 0, 1140, 1215, 46, P0
2026/07/31 15:17:29.831, 38.06, 250.00, 0, 1140, 1215, 46, P0
2026/07/31 15:17:30.032, 38.01, 250.00, 0, 1140, 1215, 46, P0
2026/07/31 15:17:30.232, 38.11, 250.00, 0, 1140, 1215, 46, P0
2026/07/31 15:17:30.433, 38.02, 250.00, 0, 1140, 1215, 46, P0
2026/07/31 15:17:30.633, 38.12, 250.00, 0, 1140, 1215, 45, P0
2026/07/31 15:17:30.833, 38.20, 250.00, 0, 1140, 1215, 45, P0
2026/07/31 15:17:31.034, 38.42, 250.00, 0, 1140, 1215, 45, P0
2026/07/31 15:17:31.234, 38.41, 250.00, 0, 1140, 1215, 45, P0
2026/07/31 15:17:31.434, 38.33, 250.00, 0, 1140, 1215, 45, P0
2026/07/31 15:17:31.635, 38.33, 250.00, 0, 1140, 1215, 45, P0
2026/07/31 15:17:31.835, 38.22, 250.00, 0, 1140, 1215, 45, P0
2026/07/31 15:17:32.035, 38.30, 250.00, 0, 1140, 1215, 45, P0
2026/07/31 15:17:32.236, 38.18, 250.00, 0, 1140, 1215, 45, P0
2026/07/31 15:17:32.436, 38.20, 250.00, 0, 1140, 1215, 45, P0
2026/07/31 15:17:32.637, 38.20, 250.00, 0, 1140, 1215, 45, P0
2026/07/31 15:17:32.837, 38.21, 250.00, 0, 1140, 1215, 45, P0
2026/07/31 15:17:33.037, 38.20, 250.00, 0, 1140, 1215, 45, P0
2026/07/31 15:17:33.238, 38.21, 250.00, 0, 1140, 1215, 45, P0
2026/07/31 15:17:33.438, 38.20, 250.00, 0, 1140, 1215, 45, P0
2026/07/31 15:17:33.639, 38.22, 250.00, 0, 1140, 1215, 45, P0
2026/07/31 15:17:33.839, 38.12, 250.00, 0, 1140, 1215, 45, P0
2026/07/31 15:17:34.039, 38.02, 250.00, 0, 1140, 1215, 45, P0
2026/07/31 15:17:34.240, 38.12, 250.00, 0, 1140, 1215, 45, P0
2026/07/31 15:17:34.440, 38.11, 250.00, 0, 1140, 1215, 45, P0
2026/07/31 15:17:34.641, 38.01, 250.00, 0, 1140, 1215, 45, P0
2026/07/31 15:17:34.841, 38.03, 250.00, 0, 1140, 1215, 45, P0
2026/07/31 15:17:35.041, 38.03, 250.00, 0, 1140, 1215, 45, P0
2026/07/31 15:17:35.242, 38.02, 250.00, 0, 1140, 1215, 45, P0
2026/07/31 15:17:35.442, 38.01, 250.00, 0, 1140, 1215, 45, P0
2026/07/31 15:17:35.643, 38.01, 250.00, 0, 1140, 1215, 45, P0
2026/07/31 15:17:35.843, 37.91, 250.00, 0, 1140, 1215, 45, P0
2026/07/31 15:17:36.043, 38.01, 250.00, 0, 1140, 1215, 45, P0
2026/07/31 15:17:36.244, 37.91, 250.00, 0, 1140, 1215, 45, P0
2026/07/31 15:17:36.444, 38.02, 250.00, 0, 1140, 1215, 45, P0
2026/07/31 15:17:36.645, 37.92, 250.00, 0, 1140, 1215, 45, P0
2026/07/31 15:17:36.845, 37.93, 250.00, 0, 1140, 1215, 45, P0
2026/07/31 15:17:37.045, 37.91, 250.00, 0, 1140, 1215, 45, P0
2026/07/31 15:17:37.246, 37.93, 250.00, 0, 1140, 1215, 45, P0
2026/07/31 15:17:37.446, 38.01, 250.00, 0, 1140, 1215, 45, P0
2026/07/31 15:17:37.646, 37.93, 250.00, 0, 1140, 1215, 45, P0
2026/07/31 15:17:37.847, 37.83, 250.00, 0, 1140, 1215, 45, P0
2026/07/31 15:17:38.047, 37.94, 250.00, 0, 1140, 1215, 45, P0
2026/07/31 15:17:38.248, 37.91, 250.00, 0, 1140, 1215, 45, P0
2026/07/31 15:17:38.448, 37.89, 250.00, 0, 1140, 1215, 45, P0
2026/07/31 15:17:38.648, 37.91, 250.00, 0, 1140, 1215, 45, P0
2026/07/31 15:17:38.849, 37.83, 250.00, 0, 1140, 1215, 45, P0
2026/07/31 15:17:39.049, 37.89, 250.00, 0, 1140, 1215, 45, P0
2026/07/31 15:17:39.249, 37.81, 250.00, 0, 1140, 1215, 45, P0
2026/07/31 15:17:39.450, 37.81, 250.00, 0, 1140, 1215, 45, P0
2026/07/31 15:17:39.650, 37.83, 250.00, 0, 1140, 1215, 45, P0
2026/07/31 15:17:39.851, 37.83, 250.00, 0, 1140, 1215, 45, P0
2026/07/31 15:17:40.051, 37.81, 250.00, 0, 1140, 1215, 45, P0
2026/07/31 15:17:40.251, 37.92, 250.00, 0, 1140, 1215, 45, P0
2026/07/31 15:17:40.452, 37.92, 250.00, 0, 1140, 1215, 45, P0
2026/07/31 15:17:40.652, 37.81, 250.00, 0, 1140, 1215, 45, P0
2026/07/31 15:17:40.852, 37.83, 250.00, 0, 1140, 1215, 45, P0
2026/07/31 15:17:41.053, 37.82, 250.00, 0, 1140, 1215, 45, P0
2026/07/31 15:17:41.253, 37.83, 250.00, 0, 1140, 1215, 45, P0
2026/07/31 15:17:41.454, 37.79, 250.00, 0, 1140, 1215, 45, P0
2026/07/31 15:17:41.654, 37.79, 250.00, 0, 1140, 1215, 45, P0
2026/07/31 15:17:41.855, 37.81, 250.00, 0, 1140, 1215, 45, P0
2026/07/31 15:17:42.055, 37.79, 250.00, 0, 1140, 1215, 45, P0
2026/07/31 15:17:42.256, 37.91, 250.00, 0, 1140, 1215, 45, P0
2026/07/31 15:17:42.456, 37.83, 250.00, 0, 1140, 1215, 45, P0
2026/07/31 15:17:42.656, 37.83, 250.00, 0, 1140, 1215, 45, P0
2026/07/31 15:17:42.857, 37.73, 250.00, 0, 1140, 1215, 45, P0
2026/07/31 15:17:43.057, 37.81, 250.00, 0, 1140, 1215, 45, P0
2026/07/31 15:17:43.257, 37.82, 250.00, 0, 1140, 1215, 45, P0
2026/07/31 15:17:43.458, 37.83, 250.00, 0, 1140, 1215, 45, P0
2026/07/31 15:17:43.658, 37.72, 250.00, 0, 1140, 1215, 44, P0
2026/07/31 15:17:43.858, 37.73, 250.00, 0, 1140, 1215, 44, P0
2026/07/31 15:17:44.059, 37.72, 250.00, 0, 1140, 1215, 44, P0
2026/07/31 15:17:44.259, 37.81, 250.00, 0, 1140, 1215, 44, P0
2026/07/31 15:17:44.459, 37.79, 250.00, 0, 1140, 1215, 44, P0
2026/07/31 15:17:44.660, 37.79, 250.00, 0, 1140, 1215, 44, P0
2026/07/31 15:17:44.860, 37.72, 250.00, 0, 1140, 1215, 44, P0
2026/07/31 15:17:45.061, 37.81, 250.00, 0, 1140, 1215, 44, P0
2026/07/31 15:17:45.261, 37.72, 250.00, 0, 1140, 1215, 44, P0
2026/07/31 15:17:45.462, 37.72, 250.00, 0, 1140, 1215, 44, P0
2026/07/31 15:17:45.662, 37.80, 250.00, 0, 1140, 1215, 44, P0
2026/07/31 15:17:45.862, 37.63, 250.00, 0, 1140, 1215, 44, P0
2026/07/31 15:17:46.063, 37.83, 250.00, 0, 1140, 1215, 44, P0
2026/07/31 15:17:46.263, 37.72, 250.00, 0, 1140, 1215, 44, P0
2026/07/31 15:17:46.463, 37.72, 250.00, 0, 1140, 1215, 44, P0
2026/07/31 15:17:46.664, 37.79, 250.00, 0, 1140, 1215, 44, P0
2026/07/31 15:17:46.864, 37.81, 250.00, 0, 1140, 1215, 44, P0
2026/07/31 15:17:47.065, 37.67, 250.00, 0, 1140, 1215, 44, P0
2026/07/31 15:17:47.265, 37.73, 250.00, 0, 1140, 1215, 44, P0
2026/07/31 15:17:47.465, 37.80, 250.00, 0, 1140, 1215, 44, P0
2026/07/31 15:17:47.666, 37.69, 250.00, 0, 1140, 1215, 44, P0
2026/07/31 15:17:47.866, 37.81, 250.00, 0, 1140, 1215, 44, P0
2026/07/31 15:17:48.067, 37.69, 250.00, 0, 1140, 1215, 44, P0
2026/07/31 15:17:48.267, 37.71, 250.00, 0, 1140, 1215, 44, P0
2026/07/31 15:17:48.467, 37.62, 250.00, 0, 1140, 1215, 44, P0
2026/07/31 15:17:48.668, 37.72, 250.00, 0, 1140, 1215, 44, P0
2026/07/31 15:17:48.868, 37.63, 250.00, 0, 1140, 1215, 44, P0
2026/07/31 15:17:49.069, 37.73, 250.00, 0, 1140, 1215, 44, P0
2026/07/31 15:17:49.269, 37.72, 250.00, 0, 1140, 1215, 44, P0
2026/07/31 15:17:49.469, 37.73, 250.00, 0, 1140, 1215, 44, P0
2026/07/31 15:17:49.670, 37.63, 250.00, 0, 1140, 1215, 44, P0
2026/07/31 15:17:49.870, 37.63, 250.00, 0, 1140, 1215, 44, P0
2026/07/31 15:17:50.070, 37.73, 250.00, 0, 1140, 1215, 44, P0
2026/07/31 15:17:50.271, 37.62, 250.00, 0, 1140, 1215, 44, P0
2026/07/31 15:17:50.471, 37.69, 250.00, 0, 1140, 1215, 44, P0
2026/07/31 15:17:50.672, 37.62, 250.00, 0, 1140, 1215, 44, P0
2026/07/31 15:17:50.872, 38.17, 250.00, 0, 1140, 1215, 44, P0
2026/07/31 15:17:51.073, 37.88, 250.00, 0, 1140, 1215, 44, P0
2026/07/31 15:17:51.273, 37.91, 250.00, 0, 1140, 1215, 44, P0
2026/07/31 15:17:51.474, 37.93, 250.00, 0, 1140, 1215, 44, P0
2026/07/31 15:17:51.674, 37.91, 250.00, 0, 1140, 1215, 44, P0
2026/07/31 15:17:51.874, 38.41, 250.00, 0, 1140, 1215, 44, P0
2026/07/31 15:17:52.075, 37.82, 250.00, 0, 1140, 1215, 44, P0
2026/07/31 15:17:52.275, 37.91, 250.00, 0, 1140, 1215, 44, P0
2026/07/31 15:17:52.476, 37.82, 250.00, 0, 1140, 1215, 44, P0
2026/07/31 15:17:52.676, 37.93, 250.00, 0, 1140, 1215, 44, P0
2026/07/31 15:17:52.876, 37.81, 250.00, 0, 1140, 1215, 44, P0
2026/07/31 15:17:53.077, 37.82, 250.00, 0, 1140, 1215, 44, P0
2026/07/31 15:17:53.277, 37.72, 250.00, 0, 1140, 1215, 44, P0
2026/07/31 15:17:53.478, 37.72, 250.00, 0, 1140, 1215, 44, P0
2026/07/31 15:17:53.678, 37.80, 250.00, 0, 1140, 1215, 44, P0
2026/07/31 15:17:53.878, 37.72, 250.00, 0, 1140, 1215, 44, P0
2026/07/31 15:17:54.079, 37.67, 250.00, 0, 1140, 1215, 44, P0
2026/07/31 15:17:54.279, 37.71, 250.00, 0, 1140, 1215, 44, P0
2026/07/31 15:17:54.480, 37.72, 250.00, 0, 1140, 1215, 44, P0
2026/07/31 15:17:54.680, 37.73, 250.00, 0, 1140, 1215, 44, P0
2026/07/31 15:17:54.880, 37.62, 250.00, 0, 1140, 1215, 44, P0
2026/07/31 15:17:55.081, 37.72, 250.00, 0, 1140, 1215, 44, P0
2026/07/31 15:17:55.281, 37.52, 250.00, 0, 1140, 1215, 44, P0
2026/07/31 15:17:55.482, 37.62, 250.00, 0, 1140, 1215, 44, P0
2026/07/31 15:17:55.682, 37.62, 250.00, 0, 1140, 1215, 44, P0
2026/07/31 15:17:55.883, 37.63, 250.00, 0, 1140, 1215, 44, P0
2026/07/31 15:17:56.083, 37.62, 250.00, 0, 1140, 1215, 44, P0
2026/07/31 15:17:56.283, 37.62, 250.00, 0, 1140, 1215, 44, P0
2026/07/31 15:17:56.484, 37.62, 250.00, 0, 1140, 1215, 44, P0
2026/07/31 15:17:56.684, 37.59, 250.00, 0, 1140, 1215, 44, P0
2026/07/31 15:17:56.885, 37.62, 250.00, 0, 1140, 1215, 44, P0
2026/07/31 15:17:57.085, 37.57, 250.00, 0, 1140, 1215, 44, P0
2026/07/31 15:17:57.285, 37.61, 250.00, 0, 1140, 1215, 44, P0
2026/07/31 15:17:57.486, 37.62, 250.00, 0, 1140, 1215, 44, P0
2026/07/31 15:17:57.686, 37.53, 250.00, 0, 1140, 1215, 44, P0
2026/07/31 15:17:57.887, 37.52, 250.00, 0, 1140, 1215, 44, P0
2026/07/31 15:17:58.087, 37.59, 250.00, 0, 1140, 1215, 44, P0
2026/07/31 15:17:58.287, 37.62, 250.00, 0, 1140, 1215, 44, P0
2026/07/31 15:17:58.488, 37.63, 250.00, 0, 1140, 1215, 44, P0
2026/07/31 15:17:58.688, 37.63, 250.00, 0, 1140, 1215, 44, P0
2026/07/31 15:17:58.889, 37.62, 250.00, 0, 1140, 1215, 44, P0
2026/07/31 15:17:59.089, 37.59, 250.00, 0, 1140, 1215, 44, P0
2026/07/31 15:17:59.289, 37.53, 250.00, 0, 1140, 1215, 44, P0
2026/07/31 15:17:59.490, 37.44, 250.00, 0, 1140, 1215, 44, P0
2026/07/31 15:17:59.690, 37.53, 250.00, 0, 1140, 1215, 43, P0
2026/07/31 15:17:59.890, 37.44, 250.00, 0, 1140, 1215, 44, P0
2026/07/31 15:18:00.091, 37.48, 250.00, 0, 1140, 1215, 43, P0
2026/07/31 15:18:00.291, 37.50, 250.00, 0, 1140, 1215, 43, P0
2026/07/31 15:18:00.492, 37.52, 250.00, 0, 1140, 1215, 43, P0
2026/07/31 15:18:00.692, 37.52, 250.00, 0, 1140, 1215, 43, P0
2026/07/31 15:18:00.892, 37.55, 250.00, 0, 1140, 1215, 43, P0
2026/07/31 15:18:01.093, 37.54, 250.00, 0, 1140, 1215, 43, P0
2026/07/31 15:18:01.293, 37.54, 250.00, 0, 1140, 1215, 43, P0
2026/07/31 15:18:01.494, 37.52, 250.00, 0, 1140, 1215, 43, P0
2026/07/31 15:18:01.694, 37.45, 250.00, 0, 1140, 1215, 43, P0
2026/07/31 15:18:01.894, 74.20, 250.00, 0, 1140, 1215, 44, P0
2026/07/31 15:18:02.095, 94.08, 250.00, 14, 1320, 1215, 45, P0
2026/07/31 15:18:02.295, 168.00, 250.00, 46, 1410, 1215, 46, P0
2026/07/31 15:18:02.495, 141.71, 250.00, 58, 1410, 1215, 48, P0
2026/07/31 15:18:02.696, 51.49, 250.00, 55, 1410, 1215, 45, P0
2026/07/31 15:18:02.896, 51.08, 250.00, 9, 1410, 1215, 45, P0
2026/07/31 15:18:03.097, 51.12, 250.00, 0, 1410, 1215, 45, P0
2026/07/31 15:18:03.297, 51.67, 250.00, 0, 1410, 1215, 45, P0
2026/07/31 15:18:03.497, 51.08, 250.00, 0, 1410, 1215, 45, P0
2026/07/31 15:18:03.698, 51.68, 250.00, 0, 1410, 1215, 44, P0
2026/07/31 15:18:03.898, 51.08, 250.00, 0, 1410, 1215, 44, P0
2026/07/31 15:18:04.099, 51.58, 250.00, 0, 1410, 1215, 44, P0
2026/07/31 15:18:04.299, 50.99, 250.00, 0, 1410, 1215, 44, P0
2026/07/31 15:18:04.499, 37.62, 250.00, 0, 1140, 1215, 44, P0
2026/07/31 15:18:04.700, 37.63, 250.00, 0, 1140, 1215, 44, P0
2026/07/31 15:18:04.900, 37.62, 250.00, 0, 1140, 1215, 44, P0
2026/07/31 15:18:05.101, 37.62, 250.00, 0, 1140, 1215, 44, P0
2026/07/31 15:18:05.301, 37.62, 250.00, 0, 1140, 1215, 44, P0
2026/07/31 15:18:05.502, 37.55, 250.00, 0, 1140, 1215, 44, P0
2026/07/31 15:18:05.702, 37.62, 250.00, 0, 1140, 1215, 44, P0
2026/07/31 15:18:05.903, 37.64, 250.00, 0, 1140, 1215, 44, P0
2026/07/31 15:18:06.106, 37.59, 250.00, 0, 1140, 1215, 44, P0
2026/07/31 15:18:06.307, 37.51, 250.00, 0, 1140, 1215, 43, P0
2026/07/31 15:18:06.507, 37.43, 250.00, 0, 1140, 1215, 43, P0
2026/07/31 15:18:06.708, 37.54, 250.00, 0, 1140, 1215, 43, P0
2026/07/31 15:18:06.909, 37.54, 250.00, 0, 1140, 1215, 43, P0
2026/07/31 15:18:07.109, 37.54, 250.00, 0, 1140, 1215, 43, P0
2026/07/31 15:18:07.309, 37.55, 250.00, 0, 1140, 1215, 43, P0
2026/07/31 15:18:07.510, 37.52, 250.00, 0, 1140, 1215, 43, P0
2026/07/31 15:18:07.710, 37.45, 250.00, 0, 1140, 1215, 43, P0
2026/07/31 15:18:07.911, 37.53, 250.00, 0, 1140, 1215, 43, P0
2026/07/31 15:18:08.111, 37.55, 250.00, 0, 1140, 1215, 43, P0
2026/07/31 15:18:08.312, 37.53, 250.00, 0, 1140, 1215, 43, P0
2026/07/31 15:18:08.512, 37.52, 250.00, 0, 1140, 1215, 43, P0
2026/07/31 15:18:08.712, 37.52, 250.00, 0, 1140, 1215, 43, P0
2026/07/31 15:18:08.913, 37.54, 250.00, 0, 1140, 1215, 43, P0
2026/07/31 15:18:09.113, 37.40, 250.00, 0, 1140, 1215, 43, P0
2026/07/31 15:18:09.314, 37.51, 250.00, 0, 1140, 1215, 43, P0
2026/07/31 15:18:09.514, 37.54, 250.00, 0, 1140, 1215, 43, P0
2026/07/31 15:18:09.714, 37.45, 250.00, 0, 1140, 1215, 43, P0
2026/07/31 15:18:09.915, 37.43, 250.00, 0, 1140, 1215, 43, P0
2026/07/31 15:18:10.115, 37.52, 250.00, 0, 1140, 1215, 43, P0
2026/07/31 15:18:10.316, 37.50, 250.00, 0, 1140, 1215, 43, P0
2026/07/31 15:18:10.516, 37.55, 250.00, 0, 1140, 1215, 43, P0
2026/07/31 15:18:10.716, 37.54, 250.00, 0, 1140, 1215, 43, P0
2026/07/31 15:18:10.917, 37.54, 250.00, 0, 1140, 1215, 43, P0
2026/07/31 15:18:11.117, 37.72, 250.00, 0, 1140, 1215, 43, P0
2026/07/31 15:18:11.318, 37.81, 250.00, 0, 1140, 1215, 43, P0
2026/07/31 15:18:11.518, 37.73, 250.00, 0, 1140, 1215, 43, P0
2026/07/31 15:18:11.718, 37.84, 250.00, 0, 1140, 1215, 43, P0
2026/07/31 15:18:11.919, 37.74, 250.00, 0, 1140, 1215, 43, P0
2026/07/31 15:18:12.119, 37.62, 250.00, 0, 1140, 1215, 43, P0
2026/07/31 15:18:12.320, 37.62, 250.00, 0, 1140, 1215, 43, P0
2026/07/31 15:18:12.520, 37.72, 250.00, 0, 1140, 1215, 43, P0
2026/07/31 15:18:12.720, 37.55, 250.00, 0, 1140, 1215, 43, P0
2026/07/31 15:18:12.921, 37.54, 250.00, 0, 1140, 1215, 43, P0
2026/07/31 15:18:13.121, 37.64, 250.00, 0, 1140, 1215, 43, P0
2026/07/31 15:18:13.322, 37.54, 250.00, 0, 1140, 1215, 43, P0
2026/07/31 15:18:13.522, 37.53, 250.00, 0, 1140, 1215, 43, P0
2026/07/31 15:18:13.723, 37.52, 250.00, 0, 1140, 1215, 43, P0
2026/07/31 15:18:13.923, 37.54, 250.00, 0, 1140, 1215, 43, P0
2026/07/31 15:18:14.123, 37.55, 250.00, 0, 1140, 1215, 43, P0
2026/07/31 15:18:14.324, 37.55, 250.00, 0, 1140, 1215, 43, P0
2026/07/31 15:18:14.524, 37.59, 250.00, 0, 1140, 1215, 43, P0
2026/07/31 15:18:14.724, 37.55, 250.00, 0, 1140, 1215, 43, P0
2026/07/31 15:18:14.925, 37.52, 250.00, 0, 1140, 1215, 43, P0
2026/07/31 15:18:15.125, 37.52, 250.00, 0, 1140, 1215, 43, P0
2026/07/31 15:18:15.326, 37.51, 250.00, 0, 1140, 1215, 43, P0
2026/07/31 15:18:15.526, 37.52, 250.00, 0, 1140, 1215, 43, P0
2026/07/31 15:18:15.727, 37.52, 250.00, 0, 1140, 1215, 43, P0
2026/07/31 15:18:15.927, 37.83, 250.00, 0, 1140, 1215, 43, P0
2026/07/31 15:18:16.128, 37.81, 250.00, 0, 1140, 1215, 43, P0
2026/07/31 15:18:16.328, 37.81, 250.00, 0, 1140, 1215, 43, P0
2026/07/31 15:18:16.529, 37.81, 250.00, 0, 1140, 1215, 43, P0
2026/07/31 15:18:16.729, 37.82, 250.00, 0, 1140, 1215, 43, P0
2026/07/31 15:18:16.929, 37.83, 250.00, 0, 1140, 1215, 43, P0
2026/07/31 15:18:17.130, 37.73, 250.00, 0, 1140, 1215, 43, P0
2026/07/31 15:18:17.330, 37.81, 250.00, 0, 1140, 1215, 43, P0
2026/07/31 15:18:17.531, 37.81, 250.00, 0, 1140, 1215, 43, P0
2026/07/31 15:18:17.731, 37.81, 250.00, 0, 1140, 1215, 43, P0
2026/07/31 15:18:17.931, 37.72, 250.00, 0, 1140, 1215, 43, P0
2026/07/31 15:18:18.132, 37.80, 250.00, 0, 1140, 1215, 43, P0
2026/07/31 15:18:18.332, 37.81, 250.00, 0, 1140, 1215, 43, P0
2026/07/31 15:18:18.533, 37.71, 250.00, 0, 1140, 1215, 43, P0
2026/07/31 15:18:18.733, 37.81, 250.00, 0, 1140, 1215, 43, P0
2026/07/31 15:18:18.933, 37.83, 250.00, 0, 1140, 1215, 43, P0
2026/07/31 15:18:19.134, 37.83, 250.00, 0, 1140, 1215, 43, P0
2026/07/31 15:18:19.334, 37.72, 250.00, 0, 1140, 1215, 43, P0
2026/07/31 15:18:19.535, 37.83, 250.00, 0, 1140, 1215, 43, P0
2026/07/31 15:18:19.735, 37.72, 250.00, 0, 1140, 1215, 43, P0
2026/07/31 15:18:19.935, 37.83, 250.00, 0, 1140, 1215, 43, P0
2026/07/31 15:18:20.136, 37.73, 250.00, 0, 1140, 1215, 43, P0
2026/07/31 15:18:20.336, 37.62, 250.00, 0, 1140, 1215, 43, P0
2026/07/31 15:18:20.537, 37.63, 250.00, 0, 1140, 1215, 43, P0
2026/07/31 15:18:20.737, 37.71, 250.00, 0, 1140, 1215, 43, P0
2026/07/31 15:18:20.937, 37.81, 250.00, 0, 1140, 1215, 43, P0
2026/07/31 15:18:21.138, 37.72, 250.00, 0, 1140, 1215, 43, P0
2026/07/31 15:18:21.338, 37.71, 250.00, 0, 1140, 1215, 43, P0
2026/07/31 15:18:21.539, 37.72, 250.00, 0, 1140, 1215, 43, P0
2026/07/31 15:18:21.739, 37.72, 250.00, 0, 1140, 1215, 43, P0
2026/07/31 15:18:21.939, 37.63, 250.00, 0, 1140, 1215, 43, P0
2026/07/31 15:18:22.140, 37.72, 250.00, 0, 1140, 1215, 43, P0
2026/07/31 15:18:22.340, 37.62, 250.00, 0, 1140, 1215, 43, P0
2026/07/31 15:18:22.540, 37.73, 250.00, 0, 1140, 1215, 43, P0
2026/07/31 15:18:22.741, 37.59, 250.00, 0, 1140, 1215, 43, P0
2026/07/31 15:18:22.941, 37.73, 250.00, 0, 1140, 1215, 43, P0
2026/07/31 15:18:23.142, 37.73, 250.00, 0, 1140, 1215, 43, P0
2026/07/31 15:18:23.342, 37.72, 250.00, 0, 1140, 1215, 43, P0
2026/07/31 15:18:23.542, 37.72, 250.00, 0, 1140, 1215, 43, P0
2026/07/31 15:18:23.743, 37.61, 250.00, 0, 1140, 1215, 43, P0
2026/07/31 15:18:23.943, 37.62, 250.00, 0, 1140, 1215, 43, P0
2026/07/31 15:18:24.144, 37.72, 250.00, 0, 1140, 1215, 43, P0
2026/07/31 15:18:24.344, 37.72, 250.00, 0, 1140, 1215, 43, P0
2026/07/31 15:18:24.545, 37.62, 250.00, 0, 1140, 1215, 43, P0
2026/07/31 15:18:24.745, 37.72, 250.00, 0, 1140, 1215, 43, P0
2026/07/31 15:18:24.945, 37.62, 250.00, 0, 1140, 1215, 42, P0
2026/07/31 15:18:25.146, 37.62, 250.00, 0, 1140, 1215, 42, P0
2026/07/31 15:18:25.346, 37.72, 250.00, 0, 1140, 1215, 42, P0
2026/07/31 15:18:25.546, 37.62, 250.00, 0, 1140, 1215, 42, P0
2026/07/31 15:18:25.747, 37.61, 250.00, 0, 1140, 1215, 42, P0
2026/07/31 15:18:25.947, 37.62, 250.00, 0, 1140, 1215, 42, P0
2026/07/31 15:18:26.148, 37.62, 250.00, 0, 1140, 1215, 42, P0
2026/07/31 15:18:26.348, 37.63, 250.00, 0, 1140, 1215, 42, P0
2026/07/31 15:18:26.548, 37.63, 250.00, 0, 1140, 1215, 42, P0
2026/07/31 15:18:26.749, 37.62, 250.00, 0, 1140, 1215, 42, P0
2026/07/31 15:18:26.949, 37.62, 250.00, 0, 1140, 1215, 42, P0
2026/07/31 15:18:27.149, 37.59, 250.00, 0, 1140, 1215, 42, P0
2026/07/31 15:18:27.350, 37.62, 250.00, 0, 1140, 1215, 42, P0
2026/07/31 15:18:27.550, 37.52, 250.00, 0, 1140, 1215, 42, P0
2026/07/31 15:18:27.751, 37.33, 250.00, 0, 1140, 1215, 42, P0
2026/07/31 15:18:27.951, 37.44, 250.00, 0, 1140, 1215, 42, P0
2026/07/31 15:18:28.152, 37.42, 250.00, 0, 1140, 1215, 42, P0
2026/07/31 15:18:28.352, 37.52, 250.00, 0, 1140, 1215, 42, P0
2026/07/31 15:18:28.552, 37.54, 250.00, 0, 1140, 1215, 42, P0
2026/07/31 15:18:28.753, 37.43, 250.00, 0, 1140, 1215, 42, P0
2026/07/31 15:18:28.953, 37.44, 250.00, 0, 1140, 1215, 42, P0
2026/07/31 15:18:29.154, 37.44, 250.00, 0, 1140, 1215, 42, P0
2026/07/31 15:18:29.354, 37.44, 250.00, 0, 1140, 1215, 42, P0
2026/07/31 15:18:29.554, 37.42, 250.00, 0, 1140, 1215, 42, P0
2026/07/31 15:18:29.755, 37.42, 250.00, 0, 1140, 1215, 42, P0
2026/07/31 15:18:29.955, 37.42, 250.00, 0, 1140, 1215, 42, P0
2026/07/31 15:18:30.155, 37.40, 250.00, 0, 1140, 1215, 42, P0
2026/07/31 15:18:30.356, 37.40, 250.00, 0, 1140, 1215, 42, P0
2026/07/31 15:18:30.556, 37.72, 250.00, 0, 1140, 1215, 42, P0
2026/07/31 15:18:30.757, 37.72, 250.00, 0, 1140, 1215, 42, P0
2026/07/31 15:18:30.957, 37.72, 250.00, 0, 1140, 1215, 42, P0
2026/07/31 15:18:31.157, 37.72, 250.00, 0, 1140, 1215, 42, P0
2026/07/31 15:18:31.358, 37.73, 250.00, 0, 1140, 1215, 42, P0
2026/07/31 15:18:31.558, 37.63, 250.00, 0, 1140, 1215, 42, P0
2026/07/31 15:18:31.758, 37.63, 250.00, 0, 1140, 1215, 42, P0
2026/07/31 15:18:31.959, 37.62, 250.00, 0, 1140, 1215, 42, P0
2026/07/31 15:18:32.159, 37.62, 250.00, 0, 1140, 1215, 42, P0
2026/07/31 15:18:32.360, 37.54, 250.00, 0, 1140, 1215, 42, P0
2026/07/31 15:18:32.560, 37.54, 250.00, 0, 1140, 1215, 42, P0
2026/07/31 15:18:32.760, 37.54, 250.00, 0, 1140, 1215, 42, P0
2026/07/31 15:18:32.961, 37.54, 250.00, 0, 1140, 1215, 42, P0
2026/07/31 15:18:33.161, 37.57, 250.00, 0, 1140, 1215, 42, P0
2026/07/31 15:18:33.362, 37.50, 250.00, 0, 1140, 1215, 42, P0
2026/07/31 15:18:33.562, 37.52, 250.00, 0, 1140, 1215, 42, P0
2026/07/31 15:18:33.762, 37.54, 250.00, 0, 1140, 1215, 42, P0
2026/07/31 15:18:33.963, 37.54, 250.00, 0, 1140, 1215, 42, P0
2026/07/31 15:18:34.163, 37.42, 250.00, 0, 1140, 1215, 42, P0
2026/07/31 15:18:34.363, 37.43, 250.00, 0, 1140, 1215, 42, P0
2026/07/31 15:18:34.564, 37.42, 250.00, 0, 1140, 1215, 42, P0
2026/07/31 15:18:34.764, 37.45, 250.00, 0, 1140, 1215, 42, P0
2026/07/31 15:18:34.965, 37.35, 250.00, 0, 1140, 1215, 42, P0
2026/07/31 15:18:35.165, 37.50, 250.00, 0, 1140, 1215, 43, P0
2026/07/31 15:18:35.365, 128.24, 250.00, 34, 1140, 1215, 46, P0
2026/07/31 15:18:35.566, 200.94, 250.00, 83, 1410, 1215, 47, P0
2026/07/31 15:18:35.766, 193.04, 250.00, 72, 1410, 1215, 49, P0
2026/07/31 15:18:35.967, 51.28, 250.00, 54, 1410, 1215, 45, P0
2026/07/31 15:18:36.167, 50.83, 250.00, 0, 1410, 1215, 44, P0
2026/07/31 15:18:36.368, 50.67, 250.00, 0, 1410, 1215, 44, P0
2026/07/31 15:18:36.568, 50.50, 250.00, 0, 1410, 1215, 44, P0
2026/07/31 15:18:36.768, 50.52, 250.00, 0, 1410, 1215, 43, P0
2026/07/31 15:18:36.969, 50.50, 250.00, 0, 1410, 1215, 43, P0
2026/07/31 15:18:37.169, 50.89, 250.00, 0, 1410, 1215, 43, P0
2026/07/31 15:18:37.369, 50.52, 250.00, 0, 1410, 1215, 43, P0
2026/07/31 15:18:37.570, 51.38, 250.00, 0, 1410, 1215, 43, P0
2026/07/31 15:18:37.770, 38.01, 250.00, 0, 1140, 1215, 43, P0
2026/07/31 15:18:37.970, 37.63, 250.00, 0, 1140, 1215, 43, P0
2026/07/31 15:18:38.171, 37.62, 250.00, 0, 1140, 1215, 43, P0
2026/07/31 15:18:38.371, 37.55, 250.00, 0, 1140, 1215, 43, P0
2026/07/31 15:18:38.572, 37.55, 250.00, 0, 1140, 1215, 43, P0
2026/07/31 15:18:38.772, 37.55, 250.00, 0, 1140, 1215, 42, P0
2026/07/31 15:18:38.972, 37.44, 250.00, 0, 1140, 1215, 42, P0
2026/07/31 15:18:39.173, 37.50, 250.00, 0, 1140, 1215, 42, P0
2026/07/31 15:18:39.373, 37.51, 250.00, 0, 1140, 1215, 42, P0
2026/07/31 15:18:39.574, 37.53, 250.00, 0, 1140, 1215, 42, P0
2026/07/31 15:18:39.774, 37.35, 250.00, 0, 1140, 1215, 42, P0
2026/07/31 15:18:39.974, 37.45, 250.00, 0, 1140, 1215, 42, P0
2026/07/31 15:18:40.175, 37.54, 250.00, 0, 1140, 1215, 42, P0
2026/07/31 15:18:40.375, 37.45, 250.00, 0, 1140, 1215, 42, P0
2026/07/31 15:18:40.576, 37.52, 250.00, 0, 1140, 1215, 42, P0
2026/07/31 15:18:40.776, 37.55, 250.00, 0, 1140, 1215, 42, P0
2026/07/31 15:18:40.976, 37.45, 250.00, 0, 1140, 1215, 42, P0
2026/07/31 15:18:41.177, 37.54, 250.00, 0, 1140, 1215, 42, P0
2026/07/31 15:18:41.377, 37.44, 250.00, 0, 1140, 1215, 42, P0
2026/07/31 15:18:41.577, 37.55, 250.00, 0, 1140, 1215, 42, P0
2026/07/31 15:18:41.778, 37.42, 250.00, 0, 1140, 1215, 42, P0
2026/07/31 15:18:41.978, 37.45, 250.00, 0, 1140, 1215, 42, P0
2026/07/31 15:18:42.179, 37.42, 250.00, 0, 1140, 1215, 42, P0
2026/07/31 15:18:42.379, 37.41, 250.00, 0, 1140, 1215, 42, P0
2026/07/31 15:18:42.579, 37.33, 250.00, 0, 1140, 1215, 42, P0
2026/07/31 15:18:42.780, 37.35, 250.00, 0, 1140, 1215, 42, P0
2026/07/31 15:18:42.980, 37.43, 250.00, 0, 1140, 1215, 42, P0
2026/07/31 15:18:43.180, 37.35, 250.00, 0, 1140, 1215, 42, P0
2026/07/31 15:18:43.381, 37.40, 250.00, 0, 1140, 1215, 42, P0
2026/07/31 15:18:43.581, 37.35, 250.00, 0, 1140, 1215, 42, P0
2026/07/31 15:18:43.781, 37.35, 250.00, 0, 1140, 1215, 42, P0
2026/07/31 15:18:43.982, 37.44, 250.00, 0, 1140, 1215, 42, P0
2026/07/31 15:18:44.182, 37.42, 250.00, 0, 1140, 1215, 42, P0
2026/07/31 15:18:44.382, 37.42, 250.00, 0, 1140, 1215, 42, P0
2026/07/31 15:18:44.583, 37.45, 250.00, 0, 1140, 1215, 42, P0
2026/07/31 15:18:44.783, 37.45, 250.00, 0, 1140, 1215, 42, P0
2026/07/31 15:18:44.983, 37.35, 250.00, 0, 1140, 1215, 42, P0
2026/07/31 15:18:45.184, 37.33, 250.00, 0, 1140, 1215, 42, P0
2026/07/31 15:18:45.384, 37.32, 250.00, 0, 1140, 1215, 42, P0
2026/07/31 15:18:45.584, 37.34, 250.00, 0, 1140, 1215, 42, P0
2026/07/31 15:18:45.785, 37.45, 250.00, 0, 1140, 1215, 42, P0
2026/07/31 15:18:45.985, 37.45, 250.00, 0, 1140, 1215, 42, P0
2026/07/31 15:18:46.186, 37.34, 250.00, 0, 1140, 1215, 42, P0
2026/07/31 15:18:46.386, 37.45, 250.00, 0, 1140, 1215, 42, P0
2026/07/31 15:18:46.586, 37.33, 250.00, 0, 1140, 1215, 42, P0
2026/07/31 15:18:46.787, 37.34, 250.00, 0, 1140, 1215, 42, P0
2026/07/31 15:18:46.987, 37.34, 250.00, 0, 1140, 1215, 42, P0
2026/07/31 15:18:47.188, 37.34, 250.00, 0, 1140, 1215, 42, P0
2026/07/31 15:18:47.388, 37.34, 250.00, 0, 1140, 1215, 42, P0
2026/07/31 15:18:47.588, 37.34, 250.00, 0, 1140, 1215, 42, P0
2026/07/31 15:18:47.789, 37.33, 250.00, 0, 1140, 1215, 42, P0
2026/07/31 15:18:47.989, 37.34, 250.00, 0, 1140, 1215, 42, P0
2026/07/31 15:18:48.190, 37.42, 250.00, 0, 1140, 1215, 42, P0
2026/07/31 15:18:48.390, 37.33, 250.00, 0, 1140, 1215, 42, P0
2026/07/31 15:18:48.590, 37.33, 250.00, 0, 1140, 1215, 42, P0
2026/07/31 15:18:48.791, 37.34, 250.00, 0, 1140, 1215, 42, P0
2026/07/31 15:18:48.991, 37.42, 250.00, 0, 1140, 1215, 42, P0
2026/07/31 15:18:49.192, 37.42, 250.00, 0, 1140, 1215, 42, P0
2026/07/31 15:18:49.392, 37.62, 250.00, 0, 1140, 1215, 42, P0
2026/07/31 15:18:49.592, 37.62, 250.00, 0, 1140, 1215, 42, P0
2026/07/31 15:18:49.793, 37.62, 250.00, 0, 1140, 1215, 42, P0
2026/07/31 15:18:49.993, 37.54, 250.00, 0, 1140, 1215, 42, P0
2026/07/31 15:18:50.194, 37.63, 250.00, 0, 1140, 1215, 42, P0
2026/07/31 15:18:50.394, 37.52, 250.00, 0, 1140, 1215, 42, P0
2026/07/31 15:18:50.594, 37.53, 250.00, 0, 1140, 1215, 42, P0
2026/07/31 15:18:50.795, 37.54, 250.00, 0, 1140, 1215, 42, P0
2026/07/31 15:18:50.995, 37.52, 250.00, 0, 1140, 1215, 42, P0
2026/07/31 15:18:51.196, 37.48, 250.00, 0, 1140, 1215, 42, P0
2026/07/31 15:18:51.396, 37.50, 250.00, 0, 1140, 1215, 42, P0
2026/07/31 15:18:51.597, 37.50, 250.00, 0, 1140, 1215, 42, P0
2026/07/31 15:18:51.797, 37.52, 250.00, 0, 1140, 1215, 42, P0
2026/07/31 15:18:51.997, 37.53, 250.00, 0, 1140, 1215, 42, P0
2026/07/31 15:18:52.198, 37.54, 250.00, 0, 1140, 1215, 42, P0
2026/07/31 15:18:52.398, 37.44, 250.00, 0, 1140, 1215, 42, P0
2026/07/31 15:18:52.598, 37.43, 250.00, 0, 1140, 1215, 42, P0
2026/07/31 15:18:52.799, 37.33, 250.00, 0, 1140, 1215, 42, P0
2026/07/31 15:18:52.999, 37.34, 250.00, 0, 1140, 1215, 42, P0
2026/07/31 15:18:53.199, 37.34, 250.00, 0, 1140, 1215, 42, P0
2026/07/31 15:18:53.400, 37.33, 250.00, 0, 1140, 1215, 42, P0
2026/07/31 15:18:53.600, 37.42, 250.00, 0, 1140, 1215, 42, P0
2026/07/31 15:18:53.800, 37.44, 250.00, 0, 1140, 1215, 42, P0
2026/07/31 15:18:54.001, 37.28, 250.00, 0, 1140, 1215, 42, P0
2026/07/31 15:18:54.201, 37.28, 250.00, 0, 1140, 1215, 42, P0
2026/07/31 15:18:54.402, 37.41, 250.00, 0, 1140, 1215, 42, P0
2026/07/31 15:18:54.602, 37.33, 250.00, 0, 1140, 1215, 42, P0
2026/07/31 15:18:54.802, 37.33, 250.00, 0, 1140, 1215, 42, P0
2026/07/31 15:18:55.003, 37.34, 250.00, 0, 1140, 1215, 42, P0
2026/07/31 15:18:55.203, 37.33, 250.00, 0, 1140, 1215, 42, P0
2026/07/31 15:18:55.404, 37.34, 250.00, 0, 1140, 1215, 42, P0
2026/07/31 15:18:55.604, 37.33, 250.00, 0, 1140, 1215, 42, P0
2026/07/31 15:18:55.805, 37.30, 250.00, 0, 1140, 1215, 42, P0
2026/07/31 15:18:56.005, 37.34, 250.00, 0, 1140, 1215, 42, P0
2026/07/31 15:18:56.205, 37.34, 250.00, 0, 1140, 1215, 42, P0
2026/07/31 15:18:56.406, 37.33, 250.00, 0, 1140, 1215, 42, P0
2026/07/31 15:18:56.606, 37.34, 250.00, 0, 1140, 1215, 42, P0
2026/07/31 15:18:56.807, 37.34, 250.00, 0, 1140, 1215, 42, P0
2026/07/31 15:18:57.007, 37.34, 250.00, 0, 1140, 1215, 42, P0
2026/07/31 15:18:57.207, 37.29, 250.00, 0, 1140, 1215, 42, P0
2026/07/31 15:18:57.408, 37.33, 250.00, 0, 1140, 1215, 42, P0
2026/07/31 15:18:57.612, 37.32, 250.00, 0, 1140, 1215, 42, P0
2026/07/31 15:18:57.812, 37.23, 250.00, 0, 1140, 1215, 42, P0
2026/07/31 15:18:58.013, 37.34, 250.00, 0, 1140, 1215, 42, P0
2026/07/31 15:18:58.214, 37.22, 250.00, 0, 1140, 1215, 42, P0
2026/07/31 15:18:58.414, 37.33, 250.00, 0, 1140, 1215, 42, P0
2026/07/31 15:18:58.614, 37.34, 250.00, 0, 1140, 1215, 42, P0
2026/07/31 15:18:58.815, 37.30, 250.00, 0, 1140, 1215, 42, P0
2026/07/31 15:18:59.015, 37.33, 250.00, 0, 1140, 1215, 42, P0
2026/07/31 15:18:59.216, 37.33, 250.00, 0, 1140, 1215, 42, P0
2026/07/31 15:18:59.416, 37.22, 250.00, 0, 1140, 1215, 42, P0
2026/07/31 15:18:59.616, 37.33, 250.00, 0, 1140, 1215, 42, P0
2026/07/31 15:18:59.817, 37.31, 250.00, 0, 1140, 1215, 41, P0
2026/07/31 15:19:00.017, 37.33, 250.00, 0, 1140, 1215, 41, P0
2026/07/31 15:19:00.218, 37.31, 250.00, 0, 1140, 1215, 41, P0
2026/07/31 15:19:00.418, 37.19, 250.00, 0, 1140, 1215, 41, P0
2026/07/31 15:19:00.618, 37.33, 250.00, 0, 1140, 1215, 41, P0
2026/07/31 15:19:00.819, 37.22, 250.00, 0, 1140, 1215, 41, P0
2026/07/31 15:19:01.019, 37.23, 250.00, 0, 1140, 1215, 41, P0
2026/07/31 15:19:01.220, 37.33, 250.00, 0, 1140, 1215, 41, P0
2026/07/31 15:19:01.420, 37.22, 250.00, 0, 1140, 1215, 41, P0
2026/07/31 15:19:01.621, 37.34, 250.00, 0, 1140, 1215, 41, P0
2026/07/31 15:19:01.821, 37.34, 250.00, 0, 1140, 1215, 41, P0
2026/07/31 15:19:02.021, 37.34, 250.00, 0, 1140, 1215, 41, P0
2026/07/31 15:19:02.222, 37.22, 250.00, 0, 1140, 1215, 41, P0
2026/07/31 15:19:02.422, 37.22, 250.00, 0, 1140, 1215, 41, P0
2026/07/31 15:19:02.623, 37.22, 250.00, 0, 1140, 1215, 41, P0
2026/07/31 15:19:02.823, 37.22, 250.00, 0, 1140, 1215, 41, P0
2026/07/31 15:19:03.023, 37.22, 250.00, 0, 1140, 1215, 41, P0
2026/07/31 15:19:03.224, 37.22, 250.00, 0, 1140, 1215, 41, P0
2026/07/31 15:19:03.424, 37.21, 250.00, 0, 1140, 1215, 41, P0
2026/07/31 15:19:03.625, 37.11, 250.00, 0, 1140, 1215, 41, P0
2026/07/31 15:19:03.825, 37.13, 250.00, 0, 1140, 1215, 41, P0
2026/07/31 15:19:04.026, 37.13, 250.00, 0, 1140, 1215, 41, P0
2026/07/31 15:19:04.226, 37.13, 250.00, 0, 1140, 1215, 41, P0
2026/07/31 15:19:04.426, 37.13, 250.00, 0, 1140, 1215, 41, P0
2026/07/31 15:19:04.627, 37.13, 250.00, 0, 1140, 1215, 41, P0
2026/07/31 15:19:04.827, 37.22, 250.00, 0, 1140, 1215, 41, P0
2026/07/31 15:19:05.028, 37.22, 250.00, 0, 1140, 1215, 41, P0
2026/07/31 15:19:05.228, 37.33, 250.00, 0, 1140, 1215, 41, P0
2026/07/31 15:19:05.428, 37.22, 250.00, 0, 1140, 1215, 41, P0
2026/07/31 15:19:05.629, 37.12, 250.00, 0, 1140, 1215, 41, P0
2026/07/31 15:19:05.829, 37.22, 250.00, 0, 1140, 1215, 41, P0
2026/07/31 15:19:06.030, 37.22, 250.00, 0, 1140, 1215, 41, P0
2026/07/31 15:19:06.230, 37.30, 250.00, 0, 1140, 1215, 41, P0
2026/07/31 15:19:06.431, 37.21, 250.00, 0, 1140, 1215, 41, P0
2026/07/31 15:19:06.631, 37.23, 250.00, 0, 1140, 1215, 41, P0
2026/07/31 15:19:06.831, 37.14, 250.00, 0, 1140, 1215, 41, P0
2026/07/31 15:19:07.032, 37.11, 250.00, 0, 1140, 1215, 41, P0
2026/07/31 15:19:07.232, 37.12, 250.00, 0, 1140, 1215, 41, P0
2026/07/31 15:19:07.433, 174.96, 250.00, 0, 1230, 1215, 45, P0
2026/07/31 15:19:07.633, 270.16, 250.00, 43, 1380, 1215, 48, P0
2026/07/31 15:19:07.833, 266.47, 250.00, 94, 1350, 1215, 51, P0
2026/07/31 15:19:08.034, 144.75, 250.00, 92, 1380, 1215, 50, P0
2026/07/31 15:19:08.234, 51.18, 250.00, 96, 1410, 1215, 45, P0
2026/07/31 15:19:08.435, 50.89, 250.00, 32, 1410, 1215, 44, P0
2026/07/31 15:19:08.635, 51.65, 250.00, 0, 1410, 1215, 44, P0
2026/07/31 15:19:08.836, 51.08, 250.00, 0, 1410, 1215, 43, P0
2026/07/31 15:19:09.036, 51.58, 250.00, 0, 1410, 1215, 43, P0
2026/07/31 15:19:09.236, 50.96, 250.00, 0, 1410, 1215, 43, P0
2026/07/31 15:19:09.437, 50.86, 250.00, 0, 1410, 1215, 43, P0
2026/07/31 15:19:09.637, 51.28, 250.00, 0, 1410, 1215, 43, P0
2026/07/31 15:19:09.837, 50.58, 250.00, 0, 1140, 1215, 42, P0
2026/07/31 15:19:10.038, 37.72, 250.00, 0, 1140, 1215, 42, P0
2026/07/31 15:19:10.238, 37.72, 250.00, 0, 1140, 1215, 42, P0
2026/07/31 15:19:10.439, 37.73, 250.00, 0, 1140, 1215, 42, P0
2026/07/31 15:19:10.639, 37.72, 250.00, 0, 1140, 1215, 42, P0
2026/07/31 15:19:10.839, 37.54, 250.00, 0, 1140, 1215, 42, P0
2026/07/31 15:19:11.040, 37.52, 250.00, 0, 1140, 1215, 42, P0
2026/07/31 15:19:11.240, 37.50, 250.00, 0, 1140, 1215, 42, P0
2026/07/31 15:19:11.440, 37.54, 250.00, 0, 1140, 1215, 42, P0
2026/07/31 15:19:11.641, 37.55, 250.00, 0, 1140, 1215, 42, P0
2026/07/31 15:19:11.841, 37.55, 250.00, 0, 1140, 1215, 42, P0
2026/07/31 15:19:12.041, 37.54, 250.00, 0, 1140, 1215, 42, P0
2026/07/31 15:19:12.242, 37.47, 250.00, 0, 1140, 1215, 42, P0
2026/07/31 15:19:12.442, 37.42, 250.00, 0, 1140, 1215, 42, P0
2026/07/31 15:19:12.642, 37.43, 250.00, 0, 1140, 1215, 42, P0
2026/07/31 15:19:12.843, 37.54, 250.00, 0, 1140, 1215, 42, P0
2026/07/31 15:19:13.043, 37.45, 250.00, 0, 1140, 1215, 42, P0
2026/07/31 15:19:13.243, 37.54, 250.00, 0, 1140, 1215, 42, P0
2026/07/31 15:19:13.444, 37.33, 250.00, 0, 1140, 1215, 42, P0
2026/07/31 15:19:13.644, 37.43, 250.00, 0, 1140, 1215, 42, P0
2026/07/31 15:19:13.844, 37.44, 250.00, 0, 1140, 1215, 42, P0
2026/07/31 15:19:14.045, 37.35, 250.00, 0, 1140, 1215, 42, P0
2026/07/31 15:19:14.245, 37.34, 250.00, 0, 1140, 1215, 42, P0
2026/07/31 15:19:14.445, 37.35, 250.00, 0, 1140, 1215, 42, P0
2026/07/31 15:19:14.646, 37.44, 250.00, 0, 1140, 1215, 42, P0
2026/07/31 15:19:14.846, 37.33, 250.00, 0, 1140, 1215, 42, P0
2026/07/31 15:19:15.046, 37.44, 250.00, 0, 1140, 1215, 42, P0
2026/07/31 15:19:15.247, 37.32, 250.00, 0, 1140, 1215, 42, P0
2026/07/31 15:19:15.447, 37.33, 250.00, 0, 1140, 1215, 42, P0
2026/07/31 15:19:15.648, 37.34, 250.00, 0, 1140, 1215, 41, P0
2026/07/31 15:19:15.848, 37.34, 250.00, 0, 1140, 1215, 41, P0
2026/07/31 15:19:16.048, 37.33, 250.00, 0, 1140, 1215, 41, P0
2026/07/31 15:19:16.249, 37.34, 250.00, 0, 1140, 1215, 41, P0
2026/07/31 15:19:16.449, 37.35, 250.00, 0, 1140, 1215, 41, P0
2026/07/31 15:19:16.650, 37.23, 250.00, 0, 1140, 1215, 41, P0
2026/07/31 15:19:16.850, 37.33, 250.00, 0, 1140, 1215, 41, P0
2026/07/31 15:19:17.050, 37.35, 250.00, 0, 1140, 1215, 41, P0
2026/07/31 15:19:17.251, 37.33, 250.00, 0, 1140, 1215, 41, P0
2026/07/31 15:19:17.451, 37.34, 250.00, 0, 1140, 1215, 41, P0
2026/07/31 15:19:17.651, 37.34, 250.00, 0, 1140, 1215, 41, P0
2026/07/31 15:19:17.852, 37.35, 250.00, 0, 1140, 1215, 41, P0
2026/07/31 15:19:18.052, 37.33, 250.00, 0, 1140, 1215, 41, P0
2026/07/31 15:19:18.253, 37.33, 250.00, 0, 1140, 1215, 41, P0
2026/07/31 15:19:18.453, 37.31, 250.00, 0, 1140, 1215, 41, P0
2026/07/31 15:19:18.654, 37.22, 250.00, 0, 1140, 1215, 41, P0
2026/07/31 15:19:18.855, 37.34, 250.00, 0, 1140, 1215, 41, P0
2026/07/31 15:19:19.055, 37.24, 250.00, 0, 1140, 1215, 41, P0
2026/07/31 15:19:19.255, 37.34, 250.00, 0, 1140, 1215, 41, P0
2026/07/31 15:19:19.455, 37.32, 250.00, 0, 1140, 1215, 41, P0
2026/07/31 15:19:19.656, 37.33, 250.00, 0, 1140, 1215, 41, P0
2026/07/31 15:19:19.856, 37.23, 250.00, 0, 1140, 1215, 41, P0
2026/07/31 15:19:20.057, 37.24, 250.00, 0, 1140, 1215, 41, P0
2026/07/31 15:19:20.257, 37.24, 250.00, 0, 1140, 1215, 41, P0
2026/07/31 15:19:20.457, 37.33, 250.00, 0, 1140, 1215, 41, P0
2026/07/31 15:19:20.658, 37.35, 250.00, 0, 1140, 1215, 41, P0
2026/07/31 15:19:20.858, 37.22, 250.00, 0, 1140, 1215, 41, P0
2026/07/31 15:19:21.059, 37.42, 250.00, 0, 1140, 1215, 41, P0
2026/07/31 15:19:21.259, 37.33, 250.00, 0, 1140, 1215, 41, P0
2026/07/31 15:19:21.459, 37.33, 250.00, 0, 1140, 1215, 41, P0
2026/07/31 15:19:21.660, 37.33, 250.00, 0, 1140, 1215, 41, P0
2026/07/31 15:19:21.860, 37.34, 250.00, 0, 1140, 1215, 41, P0
2026/07/31 15:19:22.061, 37.22, 250.00, 0, 1140, 1215, 41, P0
2026/07/31 15:19:22.261, 37.24, 250.00, 0, 1140, 1215, 41, P0
2026/07/31 15:19:22.461, 37.34, 250.00, 0, 1140, 1215, 41, P0
2026/07/31 15:19:22.662, 37.23, 250.00, 0, 1140, 1215, 41, P0
2026/07/31 15:19:22.862, 37.24, 250.00, 0, 1140, 1215, 41, P0
2026/07/31 15:19:23.063, 37.34, 250.00, 0, 1140, 1215, 41, P0
2026/07/31 15:19:23.263, 37.33, 250.00, 0, 1140, 1215, 41, P0
2026/07/31 15:19:23.463, 37.34, 250.00, 0, 1140, 1215, 41, P0
2026/07/31 15:19:23.664, 37.34, 250.00, 0, 1140, 1215, 41, P0
2026/07/31 15:19:23.864, 37.22, 250.00, 0, 1140, 1215, 41, P0
2026/07/31 15:19:24.064, 37.21, 250.00, 0, 1140, 1215, 41, P0
2026/07/31 15:19:24.265, 37.33, 250.00, 0, 1140, 1215, 41, P0
2026/07/31 15:19:24.465, 37.31, 250.00, 0, 1140, 1215, 41, P0
2026/07/31 15:19:24.666, 37.33, 250.00, 0, 1140, 1215, 41, P0
2026/07/31 15:19:24.866, 37.33, 250.00, 0, 1140, 1215, 41, P0
2026/07/31 15:19:25.067, 37.22, 250.00, 0, 1140, 1215, 41, P0
2026/07/31 15:19:25.267, 37.23, 250.00, 0, 1140, 1215, 41, P0
2026/07/31 15:19:25.467, 37.23, 250.00, 0, 1140, 1215, 41, P0
2026/07/31 15:19:25.668, 37.33, 250.00, 0, 1140, 1215, 41, P0
2026/07/31 15:19:25.869, 37.33, 250.00, 0, 1140, 1215, 41, P0
2026/07/31 15:19:26.069, 37.23, 250.00, 0, 1140, 1215, 41, P0
2026/07/31 15:19:26.269, 37.33, 250.00, 0, 1140, 1215, 41, P0
2026/07/31 15:19:26.470, 37.23, 250.00, 0, 1140, 1215, 41, P0
2026/07/31 15:19:26.670, 37.22, 250.00, 0, 1140, 1215, 41, P0
2026/07/31 15:19:26.871, 37.32, 250.00, 0, 1140, 1215, 41, P0
2026/07/31 15:19:27.071, 37.33, 250.00, 0, 1140, 1215, 41, P0
2026/07/31 15:19:27.271, 37.22, 250.00, 0, 1140, 1215, 41, P0
2026/07/31 15:19:27.472, 37.21, 250.00, 0, 1140, 1215, 41, P0
2026/07/31 15:19:27.672, 37.21, 250.00, 0, 1140, 1215, 41, P0
2026/07/31 15:19:27.873, 37.34, 250.00, 0, 1140, 1215, 41, P0
2026/07/31 15:19:28.073, 37.33, 250.00, 0, 1140, 1215, 41, P0
2026/07/31 15:19:28.274, 37.30, 250.00, 0, 1140, 1215, 41, P0
2026/07/31 15:19:28.474, 37.57, 250.00, 0, 1140, 1215, 41, P0
2026/07/31 15:19:28.674, 37.53, 250.00, 0, 1140, 1215, 41, P0
2026/07/31 15:19:28.875, 37.42, 250.00, 0, 1140, 1215, 41, P0
2026/07/31 15:19:29.075, 37.53, 250.00, 0, 1140, 1215, 41, P0
2026/07/31 15:19:29.276, 37.43, 250.00, 0, 1140, 1215, 41, P0
2026/07/31 15:19:29.476, 37.52, 250.00, 0, 1140, 1215, 41, P0
2026/07/31 15:19:29.677, 37.44, 250.00, 0, 1140, 1215, 41, P0
2026/07/31 15:19:29.877, 37.43, 250.00, 0, 1140, 1215, 41, P0
2026/07/31 15:19:30.077, 37.33, 250.00, 0, 1140, 1215, 41, P0
2026/07/31 15:19:30.278, 37.38, 250.00, 0, 1140, 1215, 41, P0
2026/07/31 15:19:30.478, 37.40, 250.00, 0, 1140, 1215, 41, P0
2026/07/31 15:19:30.679, 37.40, 250.00, 0, 1140, 1215, 41, P0
2026/07/31 15:19:30.879, 37.42, 250.00, 0, 1140, 1215, 41, P0
2026/07/31 15:19:31.079, 37.44, 250.00, 0, 1140, 1215, 41, P0
2026/07/31 15:19:31.280, 37.43, 250.00, 0, 1140, 1215, 41, P0
2026/07/31 15:19:31.480, 37.44, 250.00, 0, 1140, 1215, 41, P0
2026/07/31 15:19:31.681, 37.33, 250.00, 0, 1140, 1215, 41, P0
2026/07/31 15:19:31.881, 37.39, 250.00, 0, 1140, 1215, 41, P0
2026/07/31 15:19:32.081, 37.33, 250.00, 0, 1140, 1215, 41, P0
2026/07/31 15:19:32.282, 37.22, 250.00, 0, 1140, 1215, 41, P0
2026/07/31 15:19:32.482, 37.42, 250.00, 0, 1140, 1215, 41, P0
2026/07/31 15:19:32.683, 37.34, 250.00, 0, 1140, 1215, 41, P0
2026/07/31 15:19:32.883, 37.22, 250.00, 0, 1140, 1215, 41, P0
2026/07/31 15:19:33.084, 37.22, 250.00, 0, 1140, 1215, 41, P0
2026/07/31 15:19:33.284, 37.19, 250.00, 0, 1140, 1215, 41, P0
2026/07/31 15:19:33.484, 37.20, 250.00, 0, 1140, 1215, 41, P0
2026/07/31 15:19:33.685, 37.23, 250.00, 0, 1140, 1215, 41, P0
2026/07/31 15:19:33.885, 37.13, 250.00, 0, 1140, 1215, 41, P0
2026/07/31 15:19:34.086, 37.23, 250.00, 0, 1140, 1215, 41, P0
2026/07/31 15:19:34.286, 37.22, 250.00, 0, 1140, 1215, 41, P0
2026/07/31 15:19:34.487, 37.34, 250.00, 0, 1140, 1215, 41, P0
2026/07/31 15:19:34.687, 37.03, 250.00, 0, 1140, 1215, 41, P0
2026/07/31 15:19:34.887, 37.02, 250.00, 0, 1140, 1215, 41, P0
2026/07/31 15:19:35.088, 37.05, 250.00, 0, 1140, 1215, 41, P0
2026/07/31 15:19:35.288, 37.13, 250.00, 0, 1140, 1215, 41, P0
2026/07/31 15:19:35.489, 37.12, 250.00, 0, 1140, 1215, 41, P0
2026/07/31 15:19:35.689, 36.93, 250.00, 0, 1140, 1215, 41, P0
2026/07/31 15:19:35.889, 36.94, 250.00, 0, 1140, 1215, 41, P0
2026/07/31 15:19:36.090, 37.05, 250.00, 0, 1140, 1215, 41, P0
2026/07/31 15:19:36.290, 36.99, 250.00, 0, 1140, 1215, 41, P0
2026/07/31 15:19:36.491, 37.01, 250.00, 0, 1140, 1215, 41, P0
2026/07/31 15:19:36.691, 37.02, 250.00, 0, 1140, 1215, 41, P0
2026/07/31 15:19:36.891, 37.02, 250.00, 0, 1140, 1215, 41, P0
2026/07/31 15:19:37.092, 37.03, 250.00, 0, 1140, 1215, 41, P0
2026/07/31 15:19:37.292, 37.03, 250.00, 0, 1140, 1215, 41, P0
2026/07/31 15:19:37.493, 37.12, 250.00, 0, 1140, 1215, 41, P0
2026/07/31 15:19:37.693, 36.95, 250.00, 0, 1140, 1215, 41, P0
2026/07/31 15:19:37.893, 37.03, 250.00, 0, 1140, 1215, 41, P0
2026/07/31 15:19:38.094, 37.02, 250.00, 0, 1140, 1215, 41, P0
2026/07/31 15:19:38.294, 37.04, 250.00, 0, 1140, 1215, 41, P0
2026/07/31 15:19:38.495, 37.12, 250.00, 0, 1140, 1215, 41, P0
2026/07/31 15:19:38.695, 37.04, 250.00, 0, 1140, 1215, 41, P0
2026/07/31 15:19:38.895, 36.94, 250.00, 0, 1140, 1215, 41, P0
2026/07/31 15:19:39.096, 37.02, 250.00, 0, 1140, 1215, 41, P0
2026/07/31 15:19:39.296, 36.99, 250.00, 0, 1140, 1215, 41, P0
2026/07/31 15:19:39.497, 37.02, 250.00, 0, 1140, 1215, 41, P0
2026/07/31 15:19:39.697, 37.02, 250.00, 0, 1140, 1215, 41, P0
2026/07/31 15:19:39.897, 37.02, 250.00, 0, 1140, 1215, 41, P0
2026/07/31 15:19:40.098, 37.00, 250.00, 0, 1140, 1215, 41, P0
2026/07/31 15:19:40.298, 37.03, 250.00, 0, 1140, 1215, 41, P0
2026/07/31 15:19:40.499, 37.12, 250.00, 0, 1140, 1215, 41, P0
2026/07/31 15:19:40.699, 37.05, 250.00, 1, 1140, 1215, 41, P0
2026/07/31 15:19:40.900, 36.95, 250.00, 0, 1140, 1215, 41, P0
2026/07/31 15:19:41.100, 36.95, 250.00, 0, 1140, 1215, 41, P0
2026/07/31 15:19:41.300, 36.95, 250.00, 0, 1140, 1215, 41, P0
2026/07/31 15:19:41.501, 37.14, 250.00, 0, 1140, 1215, 41, P0
2026/07/31 15:19:41.701, 177.65, 250.00, 27, 1140, 1215, 46, P0
2026/07/31 15:19:41.902, 264.60, 250.00, 100, 1335, 1215, 49, P0
2026/07/31 15:19:42.102, 222.97, 250.00, 96, 1350, 1215, 50, P0
2026/07/31 15:19:42.303, 226.80, 250.00, 96, 1380, 1215, 50, P0
2026/07/31 15:19:42.503, 250.45, 250.00, 96, 1320, 1215, 52, P0
2026/07/31 15:19:42.704, 253.69, 250.00, 96, 1320, 1215, 53, P0
2026/07/31 15:19:42.904, 50.00, 250.00, 88, 1395, 1215, 47, P0
2026/07/31 15:19:43.104, 52.37, 250.00, 0, 1410, 1215, 45, P0
2026/07/31 15:19:43.305, 51.58, 250.00, 0, 1410, 1215, 44, P0
2026/07/31 15:19:43.505, 50.60, 250.00, 0, 1410, 1215, 44, P0
2026/07/31 15:19:43.706, 50.40, 250.00, 0, 1410, 1215, 43, P0
2026/07/31 15:19:43.906, 50.20, 250.00, 0, 1410, 1215, 43, P0
2026/07/31 15:19:44.106, 50.10, 250.00, 0, 1410, 1215, 43, P0
2026/07/31 15:19:44.307, 50.10, 250.00, 0, 1410, 1215, 43, P0
2026/07/31 15:19:44.507, 50.20, 250.00, 0, 1410, 1215, 43, P0
2026/07/31 15:19:44.707, 37.63, 250.00, 0, 1140, 1215, 42, P0
2026/07/31 15:19:44.908, 37.53, 250.00, 0, 1140, 1215, 42, P0
2026/07/31 15:19:45.108, 37.54, 250.00, 0, 1140, 1215, 42, P0
2026/07/31 15:19:45.308, 37.40, 250.00, 0, 1140, 1215, 42, P0
2026/07/31 15:19:45.509, 37.52, 250.00, 0, 1140, 1215, 42, P0
2026/07/31 15:19:45.709, 37.33, 250.00, 0, 1140, 1215, 42, P0
2026/07/31 15:19:45.910, 37.34, 250.00, 0, 1140, 1215, 42, P0
2026/07/31 15:19:46.110, 37.34, 250.00, 0, 1140, 1215, 42, P0
2026/07/31 15:19:46.310, 37.62, 250.00, 0, 1140, 1215, 42, P0
2026/07/31 15:19:46.511, 37.63, 250.00, 0, 1140, 1215, 42, P0
2026/07/31 15:19:46.711, 37.62, 250.00, 0, 1140, 1215, 42, P0
2026/07/31 15:19:46.911, 37.63, 250.00, 0, 1140, 1215, 42, P0
2026/07/31 15:19:47.112, 37.62, 250.00, 0, 1140, 1215, 42, P0
2026/07/31 15:19:47.312, 37.62, 250.00, 0, 1140, 1215, 42, P0
2026/07/31 15:19:47.513, 37.63, 250.00, 0, 1140, 1215, 41, P0
2026/07/31 15:19:47.713, 37.54, 250.00, 0, 1140, 1215, 41, P0
2026/07/31 15:19:47.913, 37.52, 250.00, 0, 1140, 1215, 41, P0
2026/07/31 15:19:48.115, 37.54, 250.00, 0, 1140, 1215, 41, P0
2026/07/31 15:19:48.317, 37.48, 250.00, 0, 1140, 1215, 41, P0
2026/07/31 15:19:48.518, 37.81, 250.00, 0, 1140, 1215, 41, P0
2026/07/31 15:19:48.719, 37.34, 250.00, 0, 1140, 1215, 41, P0
2026/07/31 15:19:48.920, 37.42, 250.00, 0, 1140, 1215, 41, P0
2026/07/31 15:19:49.120, 37.33, 250.00, 0, 1140, 1215, 41, P0
2026/07/31 15:19:49.321, 37.33, 250.00, 0, 1140, 1215, 41, P0
2026/07/31 15:19:49.521, 37.44, 250.00, 0, 1140, 1215, 41, P0
2026/07/31 15:19:49.721, 37.35, 250.00, 0, 1140, 1215, 41, P0
2026/07/31 15:19:49.922, 37.35, 250.00, 0, 1140, 1215, 41, P0
2026/07/31 15:19:50.122, 37.33, 250.00, 0, 1140, 1215, 41, P0
2026/07/31 15:19:50.322, 37.35, 250.00, 0, 1140, 1215, 41, P0
2026/07/31 15:19:50.523, 37.44, 250.00, 0, 1140, 1215, 41, P0
2026/07/31 15:19:50.723, 37.35, 250.00, 0, 1140, 1215, 41, P0
2026/07/31 15:19:50.923, 37.35, 250.00, 0, 1140, 1215, 41, P0
2026/07/31 15:19:51.124, 37.35, 250.00, 0, 1140, 1215, 41, P0
2026/07/31 15:19:51.324, 37.22, 250.00, 0, 1140, 1215, 41, P0
2026/07/31 15:19:51.524, 37.42, 250.00, 0, 1140, 1215, 41, P0
2026/07/31 15:19:51.725, 37.22, 250.00, 0, 1140, 1215, 41, P0
2026/07/31 15:19:51.925, 37.24, 250.00, 0, 1140, 1215, 41, P0
2026/07/31 15:19:52.126, 37.35, 250.00, 0, 1140, 1215, 41, P0
2026/07/31 15:19:52.326, 37.23, 250.00, 0, 1140, 1215, 41, P0
2026/07/31 15:19:52.526, 37.33, 250.00, 0, 1140, 1215, 41, P0
2026/07/31 15:19:52.727, 37.14, 250.00, 0, 1140, 1215, 41, P0
2026/07/31 15:19:52.927, 37.23, 250.00, 0, 1140, 1215, 41, P0
2026/07/31 15:19:53.127, 37.23, 250.00, 0, 1140, 1215, 41, P0
2026/07/31 15:19:53.328, 37.23, 250.00, 0, 1140, 1215, 41, P0
2026/07/31 15:19:53.528, 37.35, 250.00, 0, 1140, 1215, 41, P0
2026/07/31 15:19:53.729, 37.12, 250.00, 0, 1140, 1215, 41, P0
2026/07/31 15:19:53.929, 37.22, 250.00, 0, 1140, 1215, 41, P0
2026/07/31 15:19:54.129, 37.23, 250.00, 0, 1140, 1215, 41, P0
2026/07/31 15:19:54.330, 37.22, 250.00, 0, 1140, 1215, 41, P0
2026/07/31 15:19:54.530, 37.30, 250.00, 0, 1140, 1215, 41, P0
2026/07/31 15:19:54.731, 37.12, 250.00, 0, 1140, 1215, 41, P0
2026/07/31 15:19:54.931, 37.12, 250.00, 0, 1140, 1215, 41, P0
2026/07/31 15:19:55.131, 37.22, 250.00, 0, 1140, 1215, 41, P0
2026/07/31 15:19:55.332, 37.23, 250.00, 0, 1140, 1215, 41, P0
2026/07/31 15:19:55.532, 37.22, 250.00, 0, 1140, 1215, 41, P0
2026/07/31 15:19:55.733, 37.13, 250.00, 0, 1140, 1215, 41, P0
2026/07/31 15:19:55.933, 37.13, 250.00, 0, 1140, 1215, 41, P0
2026/07/31 15:19:56.133, 37.22, 250.00, 0, 1140, 1215, 41, P0
2026/07/31 15:19:56.334, 37.22, 250.00, 0, 1140, 1215, 41, P0
2026/07/31 15:19:56.534, 37.23, 250.00, 0, 1140, 1215, 41, P0
2026/07/31 15:19:56.734, 37.23, 250.00, 0, 1140, 1215, 41, P0
2026/07/31 15:19:56.935, 37.13, 250.00, 0, 1140, 1215, 41, P0
2026/07/31 15:19:57.135, 37.12, 250.00, 0, 1140, 1215, 41, P0
2026/07/31 15:19:57.336, 37.22, 250.00, 0, 1140, 1215, 41, P0
2026/07/31 15:19:57.536, 37.19, 250.00, 0, 1140, 1215, 41, P0
2026/07/31 15:19:57.736, 37.22, 250.00, 0, 1140, 1215, 41, P0
2026/07/31 15:19:57.937, 37.22, 250.00, 0, 1140, 1215, 41, P0
2026/07/31 15:19:58.137, 37.12, 250.00, 0, 1140, 1215, 41, P0
2026/07/31 15:19:58.338, 37.22, 250.00, 0, 1140, 1215, 41, P0
2026/07/31 15:19:58.538, 37.13, 250.00, 0, 1140, 1215, 41, P0
2026/07/31 15:19:58.738, 37.12, 250.00, 0, 1140, 1215, 41, P0
2026/07/31 15:19:58.939, 37.23, 250.00, 0, 1140, 1215, 41, P0
2026/07/31 15:19:59.139, 37.23, 250.00, 0, 1140, 1215, 41, P0
2026/07/31 15:19:59.340, 37.13, 250.00, 0, 1140, 1215, 41, P0
2026/07/31 15:19:59.540, 37.04, 250.00, 0, 1140, 1215, 41, P0
2026/07/31 15:19:59.740, 37.13, 250.00, 0, 1140, 1215, 41, P0
2026/07/31 15:19:59.941, 37.12, 250.00, 0, 1140, 1215, 41, P0
2026/07/31 15:20:00.141, 37.07, 250.00, 0, 1140, 1215, 41, P0
2026/07/31 15:20:00.341, 37.12, 250.00, 0, 1140, 1215, 41, P0
2026/07/31 15:20:00.542, 37.21, 250.00, 0, 1140, 1215, 41, P0
2026/07/31 15:20:00.742, 37.12, 250.00, 0, 1140, 1215, 41, P0
2026/07/31 15:20:00.943, 37.12, 250.00, 0, 1140, 1215, 41, P0
2026/07/31 15:20:01.143, 37.22, 250.00, 0, 1140, 1215, 41, P0
2026/07/31 15:20:01.343, 37.13, 250.00, 0, 1140, 1215, 41, P0
2026/07/31 15:20:01.544, 37.13, 250.00, 0, 1140, 1215, 41, P0
2026/07/31 15:20:01.744, 37.22, 250.00, 0, 1140, 1215, 41, P0
2026/07/31 15:20:01.945, 37.23, 250.00, 0, 1140, 1215, 41, P0
2026/07/31 15:20:02.145, 37.13, 250.00, 0, 1140, 1215, 41, P0
2026/07/31 15:20:02.345, 37.12, 250.00, 0, 1140, 1215, 41, P0
2026/07/31 15:20:02.546, 37.13, 250.00, 0, 1140, 1215, 41, P0
2026/07/31 15:20:02.746, 37.20, 250.00, 0, 1140, 1215, 41, P0
2026/07/31 15:20:02.946, 37.23, 250.00, 0, 1140, 1215, 41, P0
2026/07/31 15:20:03.147, 37.13, 250.00, 0, 1140, 1215, 41, P0
2026/07/31 15:20:03.347, 37.12, 250.00, 0, 1140, 1215, 41, P0
2026/07/31 15:20:03.548, 37.19, 250.00, 0, 1140, 1215, 41, P0
2026/07/31 15:20:03.748, 37.21, 250.00, 0, 1140, 1215, 41, P0
2026/07/31 15:20:03.948, 37.23, 250.00, 0, 1140, 1215, 41, P0
2026/07/31 15:20:04.149, 37.22, 250.00, 0, 1140, 1215, 41, P0
2026/07/31 15:20:04.349, 37.13, 250.00, 0, 1140, 1215, 41, P0
2026/07/31 15:20:04.549, 37.13, 250.00, 0, 1140, 1215, 41, P0
2026/07/31 15:20:04.750, 37.22, 250.00, 0, 1140, 1215, 41, P0
2026/07/31 15:20:04.950, 37.13, 250.00, 0, 1140, 1215, 41, P0
2026/07/31 15:20:05.151, 37.22, 250.00, 0, 1140, 1215, 41, P0
2026/07/31 15:20:05.351, 37.23, 250.00, 0, 1140, 1215, 41, P0
2026/07/31 15:20:05.551, 37.22, 250.00, 0, 1140, 1215, 41, P0
2026/07/31 15:20:05.752, 37.22, 250.00, 0, 1140, 1215, 41, P0
2026/07/31 15:20:05.952, 37.12, 250.00, 0, 1140, 1215, 41, P0
2026/07/31 15:20:06.153, 37.14, 250.00, 0, 1140, 1215, 41, P0
2026/07/31 15:20:06.353, 37.21, 250.00, 0, 1140, 1215, 41, P0
2026/07/31 15:20:06.553, 37.41, 250.00, 0, 1140, 1215, 41, P0
2026/07/31 15:20:06.754, 37.42, 250.00, 0, 1140, 1215, 41, P0
2026/07/31 15:20:06.954, 37.38, 250.00, 0, 1140, 1215, 41, P0
2026/07/31 15:20:07.155, 37.45, 250.00, 0, 1140, 1215, 41, P0
2026/07/31 15:20:07.355, 37.42, 250.00, 0, 1140, 1215, 41, P0
2026/07/31 15:20:07.555, 37.44, 250.00, 0, 1140, 1215, 41, P0
2026/07/31 15:20:07.756, 37.44, 250.00, 0, 1140, 1215, 41, P0
2026/07/31 15:20:07.956, 37.33, 250.00, 0, 1140, 1215, 41, P0
2026/07/31 15:20:08.156, 37.34, 250.00, 0, 1140, 1215, 41, P0
2026/07/31 15:20:08.357, 37.23, 250.00, 0, 1140, 1215, 41, P0
2026/07/31 15:20:08.557, 37.33, 250.00, 0, 1140, 1215, 41, P0
2026/07/31 15:20:08.758, 37.22, 250.00, 0, 1140, 1215, 41, P0
2026/07/31 15:20:08.958, 37.23, 250.00, 0, 1140, 1215, 41, P0
2026/07/31 15:20:09.158, 37.22, 250.00, 0, 1140, 1215, 41, P0
2026/07/31 15:20:09.359, 37.19, 250.00, 0, 1140, 1215, 41, P0
2026/07/31 15:20:09.559, 37.22, 250.00, 0, 1140, 1215, 41, P0
2026/07/31 15:20:09.759, 37.21, 250.00, 0, 1140, 1215, 41, P0
2026/07/31 15:20:09.960, 37.19, 250.00, 0, 1140, 1215, 41, P0
2026/07/31 15:20:10.160, 37.22, 250.00, 0, 1140, 1215, 41, P0
2026/07/31 15:20:10.361, 37.22, 250.00, 0, 1140, 1215, 41, P0
2026/07/31 15:20:10.561, 37.13, 250.00, 0, 1140, 1215, 41, P0
2026/07/31 15:20:10.761, 37.12, 250.00, 0, 1140, 1215, 41, P0
2026/07/31 15:20:10.962, 37.12, 250.00, 0, 1140, 1215, 41, P0
2026/07/31 15:20:11.162, 37.22, 250.00, 0, 1140, 1215, 41, P0
2026/07/31 15:20:11.362, 37.13, 250.00, 0, 1140, 1215, 41, P0
2026/07/31 15:20:11.563, 37.23, 250.00, 0, 1140, 1215, 41, P0
2026/07/31 15:20:11.763, 37.13, 250.00, 0, 1140, 1215, 41, P0
2026/07/31 15:20:11.964, 37.23, 250.00, 0, 1140, 1215, 41, P0
2026/07/31 15:20:12.164, 37.22, 250.00, 2, 1140, 1215, 41, P0
2026/07/31 15:20:12.365, 37.22, 250.00, 0, 1140, 1215, 41, P0
2026/07/31 15:20:12.565, 37.22, 250.00, 0, 1140, 1215, 41, P0
2026/07/31 15:20:12.765, 37.23, 250.00, 0, 1140, 1215, 41, P0
2026/07/31 15:20:12.966, 37.02, 250.00, 0, 1140, 1215, 41, P0
2026/07/31 15:20:13.166, 182.23, 250.00, 41, 1170, 1215, 45, P0
2026/07/31 15:20:13.367, 193.59, 250.00, 100, 1170, 1215, 48, P0
2026/07/31 15:20:13.567, 216.66, 250.00, 97, 1365, 1215, 48, P0
2026/07/31 15:20:13.768, 247.65, 250.00, 98, 1320, 1215, 51, P0
2026/07/31 15:20:13.969, 251.51, 250.00, 100, 1320, 1215, 51, P0
2026/07/31 15:20:14.170, 255.41, 250.00, 95, 1320, 1215, 53, P0
2026/07/31 15:20:14.370, 248.55, 250.00, 100, 1320, 1215, 53, P0
2026/07/31 15:20:14.571, 252.79, 250.00, 95, 1320, 1215, 54, P0
2026/07/31 15:20:14.771, 253.26, 250.00, 100, 1320, 1215, 54, P0
2026/07/31 15:20:14.971, 270.72, 250.00, 95, 1320, 1215, 54, P0
2026/07/31 15:20:15.172, 251.04, 250.00, 100, 1320, 1215, 55, P0
2026/07/31 15:20:15.372, 169.86, 250.00, 88, 1395, 1215, 51, P0
2026/07/31 15:20:15.573, 51.95, 250.00, 0, 1410, 1215, 47, P0
2026/07/31 15:20:15.773, 51.95, 250.00, 0, 1410, 1215, 45, P0
2026/07/31 15:20:15.973, 51.18, 250.00, 0, 1410, 1215, 45, P0
2026/07/31 15:20:16.174, 50.96, 250.00, 0, 1410, 1215, 44, P0
2026/07/31 15:20:16.374, 50.79, 250.00, 0, 1410, 1215, 44, P0
2026/07/31 15:20:16.575, 50.70, 250.00, 0, 1410, 1215, 44, P0
2026/07/31 15:20:16.776, 50.50, 250.00, 0, 1410, 1215, 44, P0
2026/07/31 15:20:16.976, 50.60, 250.00, 0, 1410, 1215, 43, P0
2026/07/31 15:20:17.176, 50.50, 250.00, 0, 1140, 1215, 43, P0
2026/07/31 15:20:17.377, 37.42, 250.00, 0, 1140, 1215, 43, P0
2026/07/31 15:20:17.577, 37.34, 250.00, 0, 1140, 1215, 43, P0
2026/07/31 15:20:17.777, 37.34, 250.00, 0, 1140, 1215, 43, P0
2026/07/31 15:20:17.978, 37.25, 250.00, 0, 1140, 1215, 42, P0
2026/07/31 15:20:18.178, 37.22, 250.00, 0, 1140, 1215, 42, P0
2026/07/31 15:20:18.378, 37.21, 250.00, 0, 1140, 1215, 42, P0
2026/07/31 15:20:18.579, 37.12, 250.00, 0, 1140, 1215, 42, P0
2026/07/31 15:20:18.779, 37.12, 250.00, 0, 1140, 1215, 42, P0
2026/07/31 15:20:18.980, 37.13, 250.00, 0, 1140, 1215, 42, P0
2026/07/31 15:20:19.180, 37.14, 250.00, 0, 1140, 1215, 42, P0
2026/07/31 15:20:19.380, 37.13, 250.00, 0, 1140, 1215, 42, P0
2026/07/31 15:20:19.581, 37.13, 250.00, 0, 1140, 1215, 42, P0
2026/07/31 15:20:19.781, 37.14, 250.00, 0, 1140, 1215, 42, P0
2026/07/31 15:20:19.981, 37.13, 250.00, 0, 1140, 1215, 42, P0
2026/07/31 15:20:20.182, 37.13, 250.00, 0, 1140, 1215, 42, P0
2026/07/31 15:20:20.382, 37.14, 250.00, 0, 1140, 1215, 42, P0
2026/07/31 15:20:20.582, 37.13, 250.00, 0, 1140, 1215, 42, P0
2026/07/31 15:20:20.783, 37.03, 250.00, 0, 1140, 1215, 42, P0
2026/07/31 15:20:20.983, 37.13, 250.00, 0, 1140, 1215, 42, P0
2026/07/31 15:20:21.183, 37.05, 250.00, 0, 1140, 1215, 42, P0
2026/07/31 15:20:21.384, 37.02, 250.00, 0, 1140, 1215, 42, P0
2026/07/31 15:20:21.584, 37.02, 250.00, 0, 1140, 1215, 42, P0
2026/07/31 15:20:21.785, 36.93, 250.00, 0, 1140, 1215, 42, P0
2026/07/31 15:20:21.985, 37.12, 250.00, 0, 1140, 1215, 42, P0
2026/07/31 15:20:22.185, 36.94, 250.00, 0, 1140, 1215, 42, P0
2026/07/31 15:20:22.386, 36.95, 250.00, 0, 1140, 1215, 42, P0
2026/07/31 15:20:22.586, 37.05, 250.00, 0, 1140, 1215, 42, P0
2026/07/31 15:20:22.786, 37.05, 250.00, 0, 1140, 1215, 42, P0
2026/07/31 15:20:22.987, 37.35, 250.00, 0, 1140, 1215, 42, P0
2026/07/31 15:20:23.187, 37.33, 250.00, 0, 1140, 1215, 42, P0
2026/07/31 15:20:23.387, 37.25, 250.00, 0, 1140, 1215, 42, P0
2026/07/31 15:20:23.588, 37.34, 250.00, 0, 1140, 1215, 42, P0
2026/07/31 15:20:23.788, 37.35, 250.00, 0, 1140, 1215, 42, P0
2026/07/31 15:20:23.989, 37.35, 250.00, 0, 1140, 1215, 42, P0
2026/07/31 15:20:24.189, 37.24, 250.00, 0, 1140, 1215, 42, P0
2026/07/31 15:20:24.389, 37.21, 250.00, 0, 1140, 1215, 42, P0
2026/07/31 15:20:24.590, 37.19, 250.00, 0, 1140, 1215, 42, P0
2026/07/31 15:20:24.790, 37.22, 250.00, 0, 1140, 1215, 42, P0
2026/07/31 15:20:24.990, 37.22, 250.00, 0, 1140, 1215, 42, P0
2026/07/31 15:20:25.191, 37.13, 250.00, 0, 1140, 1215, 42, P0
2026/07/31 15:20:25.391, 37.13, 250.00, 0, 1140, 1215, 42, P0
2026/07/31 15:20:25.592, 37.22, 250.00, 0, 1140, 1215, 41, P0
2026/07/31 15:20:25.792, 37.02, 250.00, 0, 1140, 1215, 41, P0
2026/07/31 15:20:25.992, 37.12, 250.00, 0, 1140, 1215, 41, P0
2026/07/31 15:20:26.193, 37.12, 250.00, 0, 1140, 1215, 41, P0
2026/07/31 15:20:26.393, 37.12, 250.00, 0, 1140, 1215, 41, P0
2026/07/31 15:20:26.594, 37.03, 250.00, 0, 1140, 1215, 41, P0
2026/07/31 15:20:26.794, 37.02, 250.00, 0, 1140, 1215, 41, P0
2026/07/31 15:20:26.995, 37.04, 250.00, 0, 1140, 1215, 41, P0
2026/07/31 15:20:27.195, 37.05, 250.00, 0, 1140, 1215, 41, P0
2026/07/31 15:20:27.396, 37.02, 250.00, 0, 1140, 1215, 41, P0
2026/07/31 15:20:27.596, 37.07, 250.00, 0, 1140, 1215, 41, P0
2026/07/31 15:20:27.796, 37.02, 250.00, 0, 1140, 1215, 41, P0
2026/07/31 15:20:27.997, 37.68, 250.00, 0, 1140, 1215, 41, P0
2026/07/31 15:20:28.197, 37.02, 250.00, 0, 1140, 1215, 41, P0
2026/07/31 15:20:28.398, 37.04, 250.00, 0, 1140, 1215, 41, P0
2026/07/31 15:20:28.598, 37.01, 250.00, 0, 1140, 1215, 41, P0
2026/07/31 15:20:28.799, 37.04, 250.00, 0, 1140, 1215, 41, P0
2026/07/31 15:20:28.999, 37.02, 250.00, 0, 1140, 1215, 41, P0
2026/07/31 15:20:29.199, 37.02, 250.00, 0, 1140, 1215, 41, P0
2026/07/31 15:20:29.400, 37.02, 250.00, 0, 1140, 1215, 41, P0
2026/07/31 15:20:29.600, 37.04, 250.00, 0, 1140, 1215, 41, P0
2026/07/31 15:20:29.801, 36.94, 250.00, 0, 1140, 1215, 41, P0
2026/07/31 15:20:30.001, 37.04, 250.00, 0, 1140, 1215, 41, P0
2026/07/31 15:20:30.201, 37.04, 250.00, 0, 1140, 1215, 41, P0
2026/07/31 15:20:30.402, 36.92, 250.00, 0, 1140, 1215, 41, P0
2026/07/31 15:20:30.605, 37.00, 250.00, 0, 1140, 1215, 41, P0
2026/07/31 15:20:30.806, 36.92, 250.00, 0, 1140, 1215, 41, P0
2026/07/31 15:20:31.006, 37.00, 250.00, 0, 1140, 1215, 41, P0
2026/07/31 15:20:31.207, 36.93, 250.00, 0, 1140, 1215, 41, P0
2026/07/31 15:20:31.407, 36.95, 250.00, 0, 1140, 1215, 41, P0
2026/07/31 15:20:31.607, 36.94, 250.00, 0, 1140, 1215, 41, P0
2026/07/31 15:20:31.808, 36.92, 250.00, 0, 1140, 1215, 41, P0
2026/07/31 15:20:32.008, 36.94, 250.00, 0, 1140, 1215, 41, P0
2026/07/31 15:20:32.209, 36.95, 250.00, 0, 1140, 1215, 41, P0
2026/07/31 15:20:32.409, 36.94, 250.00, 0, 1140, 1215, 41, P0
2026/07/31 15:20:32.609, 36.94, 250.00, 0, 1140, 1215, 41, P0
2026/07/31 15:20:32.810, 36.94, 250.00, 0, 1140, 1215, 41, P0
2026/07/31 15:20:33.010, 36.92, 250.00, 0, 1140, 1215, 41, P0
2026/07/31 15:20:33.211, 36.93, 250.00, 0, 1140, 1215, 41, P0
2026/07/31 15:20:33.411, 36.92, 250.00, 0, 1140, 1215, 41, P0
2026/07/31 15:20:33.611, 36.90, 250.00, 0, 1140, 1215, 41, P0
2026/07/31 15:20:33.812, 36.92, 250.00, 0, 1140, 1215, 41, P0
2026/07/31 15:20:34.012, 36.90, 250.00, 0, 1140, 1215, 41, P0
2026/07/31 15:20:34.213, 36.83, 250.00, 0, 1140, 1215, 41, P0
2026/07/31 15:20:34.413, 36.94, 250.00, 0, 1140, 1215, 41, P0
2026/07/31 15:20:34.613, 36.85, 250.00, 0, 1140, 1215, 41, P0
2026/07/31 15:20:34.814, 36.93, 250.00, 0, 1140, 1215, 41, P0
2026/07/31 15:20:35.014, 36.93, 250.00, 0, 1140, 1215, 41, P0
2026/07/31 15:20:35.215, 36.84, 250.00, 0, 1140, 1215, 41, P0
2026/07/31 15:20:35.415, 36.83, 250.00, 0, 1140, 1215, 41, P0
2026/07/31 15:20:35.615, 36.94, 250.00, 0, 1140, 1215, 41, P0
2026/07/31 15:20:35.816, 36.90, 250.00, 0, 1140, 1215, 41, P0
2026/07/31 15:20:36.016, 36.94, 250.00, 0, 1140, 1215, 41, P0
2026/07/31 15:20:36.217, 36.84, 250.00, 0, 1140, 1215, 41, P0
2026/07/31 15:20:36.417, 36.92, 250.00, 0, 1140, 1215, 41, P0
2026/07/31 15:20:36.617, 36.90, 250.00, 0, 1140, 1215, 41, P0
2026/07/31 15:20:36.818, 36.90, 250.00, 0, 1140, 1215, 41, P0
2026/07/31 15:20:37.018, 36.90, 250.00, 0, 1140, 1215, 41, P0
2026/07/31 15:20:37.219, 36.83, 250.00, 0, 1140, 1215, 41, P0
2026/07/31 15:20:37.419, 36.95, 250.00, 0, 1140, 1215, 41, P0
2026/07/31 15:20:37.620, 36.95, 250.00, 0, 1140, 1215, 41, P0
2026/07/31 15:20:37.823, 36.83, 250.00, 0, 1140, 1215, 41, P0
2026/07/31 15:20:38.024, 36.84, 250.00, 0, 1140, 1215, 41, P0
2026/07/31 15:20:38.224, 36.81, 250.00, 0, 1140, 1215, 41, P0
2026/07/31 15:20:38.425, 36.82, 250.00, 0, 1140, 1215, 41, P0
2026/07/31 15:20:38.626, 36.94, 250.00, 0, 1140, 1215, 41, P0
2026/07/31 15:20:38.827, 36.92, 250.00, 0, 1140, 1215, 41, P0
2026/07/31 15:20:39.028, 36.92, 250.00, 0, 1140, 1215, 41, P0
2026/07/31 15:20:39.228, 36.83, 250.00, 0, 1140, 1215, 41, P0
2026/07/31 15:20:39.429, 36.90, 250.00, 0, 1140, 1215, 41, P0
2026/07/31 15:20:39.629, 36.90, 250.00, 0, 1140, 1215, 41, P0
2026/07/31 15:20:39.829, 36.90, 250.00, 0, 1140, 1215, 41, P0
2026/07/31 15:20:40.030, 36.83, 250.00, 0, 1140, 1215, 41, P0
2026/07/31 15:20:40.230, 36.92, 250.00, 0, 1140, 1215, 41, P0
2026/07/31 15:20:40.431, 36.83, 250.00, 0, 1140, 1215, 41, P0
2026/07/31 15:20:40.631, 36.84, 250.00, 0, 1140, 1215, 41, P0
2026/07/31 15:20:40.831, 36.83, 250.00, 0, 1140, 1215, 41, P0
2026/07/31 15:20:41.032, 36.83, 250.00, 0, 1140, 1215, 41, P0
2026/07/31 15:20:41.232, 36.94, 250.00, 0, 1140, 1215, 41, P0
2026/07/31 15:20:41.433, 36.92, 250.00, 0, 1140, 1215, 41, P0
2026/07/31 15:20:41.633, 36.55, 250.00, 0, 1140, 1215, 41, P0
2026/07/31 15:20:41.833, 36.55, 250.00, 0, 1140, 1215, 41, P0
2026/07/31 15:20:42.034, 36.64, 250.00, 0, 1140, 1215, 41, P0
2026/07/31 15:20:42.234, 36.64, 250.00, 0, 1140, 1215, 41, P0
2026/07/31 15:20:42.435, 36.69, 250.00, 0, 1140, 1215, 41, P0
2026/07/31 15:20:42.635, 36.90, 250.00, 0, 1140, 1215, 41, P0
2026/07/31 15:20:42.836, 36.92, 250.00, 0, 1140, 1215, 41, P0
2026/07/31 15:20:43.036, 36.90, 250.00, 0, 1140, 1215, 41, P0
2026/07/31 15:20:43.237, 36.94, 250.00, 0, 1140, 1215, 41, P0
2026/07/31 15:20:43.437, 36.94, 250.00, 0, 1140, 1215, 41, P0
2026/07/31 15:20:43.637, 36.95, 250.00, 4, 1140, 1215, 41, P0
2026/07/31 15:20:43.838, 36.94, 250.00, 0, 1140, 1215, 41, P0
2026/07/31 15:20:44.038, 36.90, 250.00, 0, 1140, 1215, 41, P0
2026/07/31 15:20:44.239, 36.93, 250.00, 0, 1140, 1215, 41, P0
2026/07/31 15:20:44.439, 36.74, 250.00, 0, 1140, 1215, 41, P0
2026/07/31 15:20:44.639, 184.37, 250.00, 29, 1140, 1215, 47, P0
2026/07/31 15:20:44.840, 251.97, 250.00, 100, 1305, 1215, 50, P0
2026/07/31 15:20:45.040, 247.70, 250.00, 100, 1305, 1215, 52, P0
2026/07/31 15:20:45.241, 256.49, 250.00, 100, 1290, 1215, 52, P0
2026/07/31 15:20:45.441, 275.72, 250.00, 100, 1305, 1215, 53, P0
2026/07/31 15:20:45.642, 243.99, 250.00, 95, 1305, 1215, 53, P0
2026/07/31 15:20:45.842, 253.25, 250.00, 100, 1305, 1215, 54, P0
2026/07/31 15:20:46.043, 251.37, 250.00, 100, 1305, 1215, 54, P0
2026/07/31 15:20:46.243, 199.51, 250.00, 100, 1320, 1215, 54, P0
2026/07/31 15:20:46.444, 235.41, 250.00, 95, 1305, 1215, 54, P0
2026/07/31 15:20:46.644, 249.74, 250.00, 100, 1290, 1215, 55, P0
2026/07/31 15:20:46.845, 242.94, 250.00, 100, 1305, 1215, 55, P0
2026/07/31 15:20:47.045, 248.02, 250.00, 100, 1350, 1215, 54, P0
2026/07/31 15:20:47.245, 240.89, 250.00, 94, 1305, 1215, 55, P0
2026/07/31 15:20:47.446, 246.43, 250.00, 100, 1290, 1215, 55, P0
2026/07/31 15:20:47.646, 236.16, 250.00, 100, 1290, 1215, 55, P0
2026/07/31 15:20:47.847, 251.07, 250.00, 100, 1290, 1215, 56, P0
2026/07/31 15:20:48.047, 268.04, 250.00, 100, 1290, 1215, 56, P0
2026/07/31 15:20:48.248, 251.80, 250.00, 95, 1305, 1215, 56, P0
2026/07/31 15:20:48.448, 252.49, 250.00, 100, 1290, 1215, 56, P0
2026/07/31 15:20:48.649, 251.93, 250.00, 100, 1290, 1215, 56, P0
2026/07/31 15:20:48.849, 147.71, 250.00, 100, 1395, 1215, 52, P0
2026/07/31 15:20:49.050, 53.53, 250.00, 39, 1410, 1215, 49, P0
2026/07/31 15:20:49.250, 52.76, 250.00, 0, 1410, 1215, 48, P0
2026/07/31 15:20:49.451, 52.57, 250.00, 0, 1410, 1215, 47, P0
2026/07/31 15:20:49.651, 51.89, 250.00, 0, 1410, 1215, 46, P0
2026/07/31 15:20:49.851, 51.99, 250.00, 0, 1410, 1215, 46, P0
2026/07/31 15:20:50.052, 51.85, 250.00, 0, 1410, 1215, 46, P0
2026/07/31 15:20:50.252, 51.89, 250.00, 0, 1410, 1215, 45, P0
2026/07/31 15:20:50.453, 51.08, 250.00, 0, 1410, 1215, 45, P0
2026/07/31 15:20:50.653, 38.21, 250.00, 0, 1140, 1215, 45, P0
2026/07/31 15:20:50.853, 37.72, 250.00, 0, 1140, 1215, 45, P0
2026/07/31 15:20:51.054, 37.63, 250.00, 0, 1140, 1215, 44, P0
2026/07/31 15:20:51.254, 37.72, 250.00, 0, 1140, 1215, 44, P0
2026/07/31 15:20:51.454, 37.62, 250.00, 0, 1140, 1215, 44, P0
2026/07/31 15:20:51.655, 37.52, 250.00, 0, 1140, 1215, 44, P0
2026/07/31 15:20:51.855, 37.53, 250.00, 0, 1140, 1215, 44, P0
2026/07/31 15:20:52.056, 37.54, 250.00, 0, 1140, 1215, 44, P0
2026/07/31 15:20:52.256, 37.52, 250.00, 0, 1140, 1215, 44, P0
2026/07/31 15:20:52.456, 37.52, 250.00, 0, 1140, 1215, 44, P0
2026/07/31 15:20:52.657, 37.55, 250.00, 0, 1140, 1215, 44, P0
2026/07/31 15:20:52.857, 37.45, 250.00, 0, 1140, 1215, 44, P0
2026/07/31 15:20:53.058, 37.54, 250.00, 0, 1140, 1215, 44, P0
2026/07/31 15:20:53.258, 37.40, 250.00, 0, 1140, 1215, 43, P0
2026/07/31 15:20:53.458, 37.34, 250.00, 0, 1140, 1215, 43, P0
2026/07/31 15:20:53.659, 37.33, 250.00, 0, 1140, 1215, 43, P0
2026/07/31 15:20:53.859, 37.35, 250.00, 0, 1140, 1215, 43, P0
2026/07/31 15:20:54.059, 37.34, 250.00, 0, 1140, 1215, 43, P0
2026/07/31 15:20:54.260, 37.34, 250.00, 0, 1140, 1215, 43, P0
2026/07/31 15:20:54.460, 37.33, 250.00, 0, 1140, 1215, 43, P0
2026/07/31 15:20:54.661, 37.33, 250.00, 0, 1140, 1215, 43, P0
2026/07/31 15:20:54.861, 37.62, 250.00, 0, 1140, 1215, 43, P0
2026/07/31 15:20:55.061, 37.34, 250.00, 0, 1140, 1215, 43, P0
2026/07/31 15:20:55.262, 37.25, 250.00, 0, 1140, 1215, 43, P0
2026/07/31 15:20:55.462, 37.35, 250.00, 0, 1140, 1215, 43, P0
2026/07/31 15:20:55.663, 37.35, 250.00, 0, 1140, 1215, 43, P0
2026/07/31 15:20:55.863, 37.34, 250.00, 0, 1140, 1215, 43, P0
2026/07/31 15:20:56.063, 37.33, 250.00, 0, 1140, 1215, 43, P0
2026/07/31 15:20:56.264, 37.35, 250.00, 0, 1140, 1215, 43, P0
2026/07/31 15:20:56.464, 37.35, 250.00, 0, 1140, 1215, 43, P0
2026/07/31 15:20:56.665, 37.35, 250.00, 0, 1140, 1215, 43, P0
2026/07/31 15:20:56.865, 37.24, 250.00, 0, 1140, 1215, 43, P0
2026/07/31 15:20:57.065, 37.35, 250.00, 0, 1140, 1215, 43, P0
2026/07/31 15:20:57.266, 37.22, 250.00, 0, 1140, 1215, 43, P0
2026/07/31 15:20:57.466, 37.33, 250.00, 0, 1140, 1215, 43, P0
2026/07/31 15:20:57.666, 37.30, 250.00, 0, 1140, 1215, 43, P0
2026/07/31 15:20:57.867, 37.52, 250.00, 0, 1140, 1215, 43, P0
2026/07/31 15:20:58.067, 37.59, 250.00, 0, 1140, 1215, 43, P0
2026/07/31 15:20:58.268, 37.54, 250.00, 0, 1140, 1215, 43, P0
2026/07/31 15:20:58.468, 37.52, 250.00, 0, 1140, 1215, 43, P0
2026/07/31 15:20:58.668, 37.54, 250.00, 0, 1140, 1215, 43, P0
2026/07/31 15:20:58.869, 37.53, 250.00, 0, 1140, 1215, 43, P0
2026/07/31 15:20:59.069, 37.55, 250.00, 0, 1140, 1215, 43, P0
2026/07/31 15:20:59.270, 37.55, 250.00, 0, 1140, 1215, 43, P0
2026/07/31 15:20:59.470, 37.45, 250.00, 0, 1140, 1215, 43, P0
2026/07/31 15:20:59.670, 37.34, 250.00, 0, 1140, 1215, 43, P0
2026/07/31 15:20:59.871, 37.44, 250.00, 0, 1140, 1215, 43, P0
2026/07/31 15:21:00.071, 37.44, 250.00, 0, 1140, 1215, 43, P0
2026/07/31 15:21:00.272, 37.33, 250.00, 0, 1140, 1215, 43, P0
2026/07/31 15:21:00.472, 37.33, 250.00, 0, 1140, 1215, 43, P0
2026/07/31 15:21:00.673, 37.30, 250.00, 0, 1140, 1215, 43, P0
2026/07/31 15:21:00.873, 37.23, 250.00, 0, 1140, 1215, 43, P0
2026/07/31 15:21:01.073, 37.28, 250.00, 0, 1140, 1215, 43, P0
2026/07/31 15:21:01.274, 37.22, 250.00, 0, 1140, 1215, 43, P0
2026/07/31 15:21:01.474, 37.24, 250.00, 0, 1140, 1215, 43, P0
2026/07/31 15:21:01.675, 37.24, 250.00, 0, 1140, 1215, 43, P0
2026/07/31 15:21:01.875, 37.24, 250.00, 0, 1140, 1215, 43, P0
2026/07/31 15:21:02.075, 37.33, 250.00, 0, 1140, 1215, 43, P0
2026/07/31 15:21:02.276, 37.23, 250.00, 0, 1140, 1215, 43, P0
2026/07/31 15:21:02.476, 37.24, 250.00, 0, 1140, 1215, 42, P0
2026/07/31 15:21:02.677, 37.33, 250.00, 0, 1140, 1215, 42, P0
2026/07/31 15:21:02.877, 37.14, 250.00, 0, 1140, 1215, 42, P0
2026/07/31 15:21:03.077, 37.13, 250.00, 0, 1140, 1215, 42, P0
2026/07/31 15:21:03.278, 37.12, 250.00, 0, 1140, 1215, 42, P0
2026/07/31 15:21:03.478, 37.12, 250.00, 0, 1140, 1215, 42, P0
2026/07/31 15:21:03.678, 37.19, 250.00, 0, 1140, 1215, 42, P0
2026/07/31 15:21:03.879, 37.22, 250.00, 0, 1140, 1215, 42, P0
2026/07/31 15:21:04.079, 37.10, 250.00, 0, 1140, 1215, 42, P0
2026/07/31 15:21:04.280, 37.12, 250.00, 0, 1140, 1215, 42, P0
2026/07/31 15:21:04.480, 37.14, 250.00, 0, 1140, 1215, 42, P0
2026/07/31 15:21:04.681, 37.19, 250.00, 0, 1140, 1215, 42, P0
2026/07/31 15:21:04.881, 37.14, 250.00, 0, 1140, 1215, 42, P0
2026/07/31 15:21:05.081, 37.13, 250.00, 0, 1140, 1215, 42, P0
2026/07/31 15:21:05.282, 37.22, 250.00, 0, 1140, 1215, 42, P0
2026/07/31 15:21:05.482, 37.13, 250.00, 0, 1140, 1215, 42, P0
2026/07/31 15:21:05.682, 37.12, 250.00, 0, 1140, 1215, 42, P0
2026/07/31 15:21:05.883, 37.12, 250.00, 0, 1140, 1215, 42, P0
2026/07/31 15:21:06.083, 37.13, 250.00, 0, 1140, 1215, 42, P0
2026/07/31 15:21:06.284, 37.12, 250.00, 0, 1140, 1215, 42, P0
2026/07/31 15:21:06.484, 37.12, 250.00, 0, 1140, 1215, 42, P0
2026/07/31 15:21:06.684, 37.13, 250.00, 0, 1140, 1215, 42, P0
2026/07/31 15:21:06.885, 37.12, 250.00, 0, 1140, 1215, 42, P0
2026/07/31 15:21:07.085, 37.10, 250.00, 0, 1140, 1215, 42, P0
2026/07/31 15:21:07.286, 37.13, 250.00, 0, 1140, 1215, 42, P0
2026/07/31 15:21:07.486, 37.14, 250.00, 0, 1140, 1215, 42, P0
2026/07/31 15:21:07.686, 37.14, 250.00, 0, 1140, 1215, 42, P0
2026/07/31 15:21:07.887, 37.14, 250.00, 0, 1140, 1215, 42, P0
2026/07/31 15:21:08.087, 37.04, 250.00, 0, 1140, 1215, 42, P0
2026/07/31 15:21:08.287, 37.12, 250.00, 0, 1140, 1215, 42, P0
2026/07/31 15:21:08.488, 37.14, 250.00, 0, 1140, 1215, 42, P0
2026/07/31 15:21:08.688, 37.05, 250.00, 0, 1140, 1215, 42, P0
2026/07/31 15:21:08.889, 37.13, 250.00, 0, 1140, 1215, 42, P0
2026/07/31 15:21:09.089, 37.13, 250.00, 0, 1140, 1215, 42, P0
2026/07/31 15:21:09.290, 37.03, 250.00, 0, 1140, 1215, 42, P0
2026/07/31 15:21:09.490, 37.12, 250.00, 0, 1140, 1215, 42, P0
2026/07/31 15:21:09.690, 37.11, 250.00, 0, 1140, 1215, 42, P0
2026/07/31 15:21:09.891, 37.12, 250.00, 0, 1140, 1215, 42, P0
2026/07/31 15:21:10.091, 37.10, 250.00, 0, 1140, 1215, 42, P0
2026/07/31 15:21:10.292, 37.13, 250.00, 0, 1140, 1215, 42, P0
2026/07/31 15:21:10.492, 37.05, 250.00, 0, 1140, 1215, 42, P0
2026/07/31 15:21:10.692, 37.02, 250.00, 0, 1140, 1215, 42, P0
2026/07/31 15:21:10.893, 37.12, 250.00, 0, 1140, 1215, 42, P0
2026/07/31 15:21:11.093, 37.13, 250.00, 0, 1140, 1215, 42, P0
2026/07/31 15:21:11.293, 37.04, 250.00, 0, 1140, 1215, 42, P0
2026/07/31 15:21:11.494, 36.95, 250.00, 0, 1140, 1215, 42, P0
2026/07/31 15:21:11.694, 37.13, 250.00, 0, 1140, 1215, 42, P0
2026/07/31 15:21:11.895, 37.02, 250.00, 0, 1140, 1215, 42, P0
2026/07/31 15:21:12.095, 37.04, 250.00, 0, 1140, 1215, 42, P0
2026/07/31 15:21:12.295, 37.03, 250.00, 0, 1140, 1215, 42, P0
2026/07/31 15:21:12.496, 37.02, 250.00, 0, 1140, 1215, 42, P0
2026/07/31 15:21:12.696, 37.02, 250.00, 0, 1140, 1215, 42, P0
2026/07/31 15:21:12.897, 37.02, 250.00, 0, 1140, 1215, 42, P0
2026/07/31 15:21:13.097, 37.10, 250.00, 0, 1140, 1215, 42, P0
2026/07/31 15:21:13.297, 37.03, 250.00, 0, 1140, 1215, 42, P0
2026/07/31 15:21:13.498, 37.04, 250.00, 0, 1140, 1215, 42, P0
2026/07/31 15:21:13.698, 36.94, 250.00, 0, 1140, 1215, 42, P0
2026/07/31 15:21:13.899, 37.02, 250.00, 0, 1140, 1215, 42, P0
2026/07/31 15:21:14.099, 37.04, 250.00, 0, 1140, 1215, 42, P0
2026/07/31 15:21:14.299, 37.02, 250.00, 0, 1140, 1215, 42, P0
2026/07/31 15:21:14.500, 37.04, 250.00, 0, 1140, 1215, 42, P0
2026/07/31 15:21:14.700, 37.04, 250.00, 0, 1140, 1215, 42, P0
2026/07/31 15:21:14.901, 37.12, 250.00, 0, 1140, 1215, 42, P0
2026/07/31 15:21:15.101, 37.04, 250.00, 0, 1140, 1215, 42, P0
2026/07/31 15:21:15.301, 36.92, 250.00, 0, 1140, 1215, 42, P0
2026/07/31 15:21:15.502, 37.02, 250.00, 0, 1140, 1215, 42, P0
2026/07/31 15:21:15.702, 37.02, 250.00, 0, 1140, 1215, 42, P0
2026/07/31 15:21:15.903, 37.04, 250.00, 0, 1140, 1215, 42, P0
2026/07/31 15:21:16.103, 37.11, 250.00, 0, 1140, 1215, 42, P0
2026/07/31 15:21:16.304, 37.05, 250.00, 0, 1140, 1215, 42, P0
2026/07/31 15:21:16.504, 37.05, 250.00, 0, 1140, 1215, 42, P0
2026/07/31 15:21:16.704, 37.04, 250.00, 0, 1140, 1215, 42, P0
2026/07/31 15:21:16.905, 37.33, 250.00, 0, 1140, 1215, 42, P0
2026/07/31 15:21:17.105, 37.34, 250.00, 0, 1140, 1215, 42, P0
2026/07/31 15:21:17.305, 37.22, 250.00, 0, 1140, 1215, 42, P0
2026/07/31 15:21:17.506, 37.33, 250.00, 0, 1140, 1215, 42, P0
2026/07/31 15:21:17.706, 37.33, 250.00, 0, 1140, 1215, 42, P0
2026/07/31 15:21:17.907, 37.24, 250.00, 0, 1140, 1215, 42, P0
2026/07/31 15:21:18.107, 37.20, 250.00, 0, 1140, 1215, 42, P0
2026/07/31 15:21:18.307, 37.22, 250.00, 0, 1140, 1215, 42, P0
2026/07/31 15:21:18.508, 37.24, 250.00, 0, 1140, 1215, 42, P0
2026/07/31 15:21:18.708, 37.20, 250.00, 9, 1140, 1215, 42, P0
2026/07/31 15:21:18.909, 37.12, 250.00, 0, 1140, 1215, 42, P0
2026/07/31 15:21:19.109, 37.12, 250.00, 0, 1140, 1215, 42, P0
2026/07/31 15:21:19.310, 37.12, 250.00, 0, 1140, 1215, 42, P0
2026/07/31 15:21:19.510, 37.14, 250.00, 0, 1140, 1215, 42, P0
2026/07/31 15:21:19.710, 180.78, 250.00, 24, 1140, 1215, 47, P0
2026/07/31 15:21:19.916, 225.79, 250.00, 100, 1305, 1215, 50, P0
2026/07/31 15:21:20.116, 251.71, 250.00, 100, 1305, 1215, 52, P0
2026/07/31 15:21:20.317, 248.97, 250.00, 100, 1305, 1215, 53, P0
2026/07/31 15:21:20.517, 272.36, 250.00, 100, 1305, 1215, 54, P0
2026/07/31 15:21:20.718, 239.06, 250.00, 95, 1305, 1215, 54, P0
2026/07/31 15:21:20.918, 239.34, 250.00, 100, 1305, 1215, 54, P0
2026/07/31 15:21:21.118, 258.81, 250.00, 100, 1305, 1215, 55, P0
2026/07/31 15:21:21.319, 253.81, 250.00, 100, 1380, 1215, 53, P0
2026/07/31 15:21:21.519, 252.65, 250.00, 95, 1290, 1215, 55, P0
2026/07/31 15:21:21.720, 249.46, 250.00, 100, 1290, 1215, 55, P0
2026/07/31 15:21:21.921, 246.83, 250.00, 100, 1305, 1215, 56, P0
2026/07/31 15:21:22.121, 251.91, 250.00, 100, 1305, 1215, 56, P0
2026/07/31 15:21:22.321, 251.15, 250.00, 95, 1305, 1215, 56, P0
2026/07/31 15:21:22.522, 245.46, 250.00, 100, 1320, 1215, 56, P0
2026/07/31 15:21:22.722, 245.04, 250.00, 100, 1305, 1215, 57, P0
2026/07/31 15:21:22.923, 249.46, 250.00, 100, 1305, 1215, 57, P0
2026/07/31 15:21:23.123, 198.99, 250.00, 100, 1380, 1215, 55, P0
2026/07/31 15:21:23.324, 249.40, 250.00, 95, 1305, 1215, 57, P0
2026/07/31 15:21:23.524, 257.85, 250.00, 100, 1305, 1215, 57, P0
2026/07/31 15:21:23.725, 249.24, 250.00, 100, 1290, 1215, 57, P0
2026/07/31 15:21:23.926, 251.99, 250.00, 100, 1290, 1215, 57, P0
2026/07/31 15:21:24.129, 256.86, 250.00, 95, 1305, 1215, 57, P0
2026/07/31 15:21:24.355, 247.29, 250.00, 100, 1305, 1215, 58, P0
2026/07/31 15:21:24.556, 247.93, 250.00, 100, 1305, 1215, 58, P0
2026/07/31 15:21:24.756, 247.11, 250.00, 100, 1305, 1215, 58, P0
2026/07/31 15:21:24.957, 248.97, 250.00, 94, 1290, 1215, 58, P0
2026/07/31 15:21:25.157, 251.23, 250.00, 100, 1290, 1215, 58, P0
2026/07/31 15:21:25.358, 245.84, 250.00, 100, 1290, 1215, 58, P0
2026/07/31 15:21:25.558, 246.51, 250.00, 100, 1305, 1215, 58, P0
2026/07/31 15:21:25.758, 258.07, 250.00, 95, 1305, 1215, 59, P0
2026/07/31 15:21:25.959, 261.76, 250.00, 100, 1290, 1215, 59, P0
2026/07/31 15:21:26.159, 234.90, 250.00, 100, 1305, 1215, 59, P0
2026/07/31 15:21:26.360, 245.92, 250.00, 100, 1305, 1215, 59, P0
2026/07/31 15:21:26.560, 246.02, 250.00, 100, 1335, 1215, 58, P0
2026/07/31 15:21:26.761, 249.76, 250.00, 93, 1305, 1215, 59, P0
2026/07/31 15:21:26.961, 250.94, 250.00, 100, 1290, 1215, 59, P0
2026/07/31 15:21:27.162, 242.03, 250.00, 100, 1290, 1215, 59, P0
2026/07/31 15:21:27.362, 255.21, 250.00, 100, 1290, 1215, 59, P0
2026/07/31 15:21:27.563, 251.52, 250.00, 95, 1305, 1215, 59, P0
2026/07/31 15:21:27.764, 245.08, 250.00, 100, 1290, 1215, 60, P0
2026/07/31 15:21:27.964, 247.08, 250.00, 100, 1290, 1215, 60, P0
2026/07/31 15:21:28.164, 252.49, 250.00, 100, 1305, 1215, 60, P0
2026/07/31 15:21:28.365, 129.20, 250.00, 100, 1365, 1215, 58, P0
2026/07/31 15:21:28.565, 54.22, 250.00, 100, 1410, 1215, 54, P0
2026/07/31 15:21:28.786, 55.30, 250.00, 0, 1410, 1215, 52, P0
2026/07/31 15:21:28.988, 55.29, 250.00, 0, 1410, 1215, 50, P0
2026/07/31 15:21:29.189, 54.25, 250.00, 0, 1410, 1215, 50, P0
2026/07/31 15:21:29.389, 54.02, 250.00, 0, 1410, 1215, 49, P0
2026/07/31 15:21:29.594, 53.96, 250.00, 0, 1410, 1215, 49, P0
2026/07/31 15:21:29.794, 53.65, 250.00, 0, 1410, 1215, 49, P0
2026/07/31 15:21:29.995, 53.52, 250.00, 0, 1410, 1215, 49, P0
2026/07/31 15:21:30.195, 53.33, 250.00, 0, 1410, 1215, 49, P0
2026/07/31 15:21:30.395, 39.19, 250.00, 0, 1140, 1215, 48, P0
2026/07/31 15:21:30.596, 39.09, 250.00, 0, 1140, 1215, 48, P0
2026/07/31 15:21:30.796, 38.98, 250.00, 0, 1140, 1215, 48, P0
2026/07/31 15:21:30.997, 38.90, 250.00, 0, 1140, 1215, 47, P0
2026/07/31 15:21:31.197, 38.88, 250.00, 0, 1140, 1215, 47, P0
2026/07/31 15:21:31.397, 38.80, 250.00, 0, 1140, 1215, 47, P0
2026/07/31 15:21:31.598, 38.72, 250.00, 0, 1140, 1215, 47, P0
2026/07/31 15:21:31.798, 38.81, 250.00, 0, 1140, 1215, 47, P0
2026/07/31 15:21:31.998, 38.72, 250.00, 0, 1140, 1215, 47, P0
2026/07/31 15:21:32.199, 38.73, 250.00, 0, 1140, 1215, 47, P0
2026/07/31 15:21:32.399, 38.72, 250.00, 0, 1140, 1215, 47, P0
2026/07/31 15:21:32.599, 38.71, 250.00, 0, 1140, 1215, 47, P0
2026/07/31 15:21:32.800, 38.60, 250.00, 0, 1140, 1215, 47, P0
2026/07/31 15:21:33.000, 38.52, 250.00, 0, 1140, 1215, 47, P0
2026/07/31 15:21:33.201, 38.53, 250.00, 0, 1140, 1215, 46, P0
2026/07/31 15:21:33.401, 38.52, 250.00, 0, 1140, 1215, 46, P0
2026/07/31 15:21:33.601, 38.41, 250.00, 0, 1140, 1215, 46, P0
2026/07/31 15:21:33.802, 38.50, 250.00, 0, 1140, 1215, 46, P0
2026/07/31 15:21:34.002, 38.51, 250.00, 0, 1140, 1215, 46, P0
2026/07/31 15:21:34.203, 38.40, 250.00, 0, 1140, 1215, 46, P0
2026/07/31 15:21:34.403, 38.42, 250.00, 0, 1140, 1215, 46, P0
2026/07/31 15:21:34.603, 38.42, 250.00, 0, 1140, 1215, 46, P0
2026/07/31 15:21:34.804, 38.42, 250.00, 0, 1140, 1215, 46, P0
2026/07/31 15:21:35.004, 38.34, 250.00, 0, 1140, 1215, 46, P0
2026/07/31 15:21:35.205, 38.41, 250.00, 0, 1140, 1215, 46, P0
2026/07/31 15:21:35.405, 38.42, 250.00, 0, 1140, 1215, 46, P0
2026/07/31 15:21:35.605, 38.41, 250.00, 0, 1140, 1215, 46, P0
2026/07/31 15:21:35.806, 38.33, 250.00, 0, 1140, 1215, 46, P0
2026/07/31 15:21:36.006, 38.33, 250.00, 0, 1140, 1215, 46, P0
2026/07/31 15:21:36.207, 38.33, 250.00, 0, 1140, 1215, 46, P0
2026/07/31 15:21:36.407, 38.31, 250.00, 0, 1140, 1215, 46, P0
