run_id,profile,workload,input_tokens,output_tokens,max_concurrency,requests,start_iso,end_iso,start_epoch_ms,end_epoch_ms,status,result_file,telemetry_file,note
expanded-250w-v2-20260731,mtp,prefill,512,1,1,3,2026-07-31T17:56:30.150+08:00,2026-07-31T17:56:57.911+08:00,1785491790152,1785491817910,passed,results/raw/expanded-250w-v2-20260731/expanded-250w-v2-20260731-mtp-official-prefill-512-1-c1.jsonl,results/telemetry/expanded-250w-v2-20260731/power-mtp-20260731-175457-159.csv,official;flush-cache-required
expanded-250w-v2-20260731,mtp,prefill,2048,1,1,3,2026-07-31T17:56:57.943+08:00,2026-07-31T17:57:21.826+08:00,1785491817945,1785491841824,passed,results/raw/expanded-250w-v2-20260731/expanded-250w-v2-20260731-mtp-official-prefill-2048-1-c1.jsonl,results/telemetry/expanded-250w-v2-20260731/power-mtp-20260731-175457-159.csv,official;flush-cache-required
expanded-250w-v2-20260731,mtp,prefill,4096,1,1,3,2026-07-31T17:57:21.867+08:00,2026-07-31T17:57:47.485+08:00,1785491841869,1785491867484,passed,results/raw/expanded-250w-v2-20260731/expanded-250w-v2-20260731-mtp-official-prefill-4096-1-c1.jsonl,results/telemetry/expanded-250w-v2-20260731/power-mtp-20260731-175457-159.csv,official;flush-cache-required
expanded-250w-v2-20260731,mtp,prefill,8192,1,1,3,2026-07-31T17:57:47.515+08:00,2026-07-31T17:58:16.187+08:00,1785491867517,1785491896186,passed,results/raw/expanded-250w-v2-20260731/expanded-250w-v2-20260731-mtp-official-prefill-8192-1-c1.jsonl,results/telemetry/expanded-250w-v2-20260731/power-mtp-20260731-175457-159.csv,official;flush-cache-required
expanded-250w-v2-20260731,mtp,prefill,12288,1,1,3,2026-07-31T17:58:16.219+08:00,2026-07-31T17:58:47.835+08:00,1785491896220,1785491927833,passed,results/raw/expanded-250w-v2-20260731/expanded-250w-v2-20260731-mtp-official-prefill-12288-1-c1.jsonl,results/telemetry/expanded-250w-v2-20260731/power-mtp-20260731-175457-159.csv,official;flush-cache-required
expanded-250w-v2-20260731,mtp,prefill,20480,1,1,3,2026-07-31T17:58:47.870+08:00,2026-07-31T17:59:26.981+08:00,1785491927871,1785491966979,passed,results/raw/expanded-250w-v2-20260731/expanded-250w-v2-20260731-mtp-official-prefill-20480-1-c1.jsonl,results/telemetry/expanded-250w-v2-20260731/power-mtp-20260731-175457-159.csv,official;flush-cache-required
expanded-250w-v2-20260731,mtp,decode,1024,1024,1,3,2026-07-31T17:59:27.010+08:00,2026-07-31T18:00:27.991+08:00,1785491967012,1785492027989,passed,results/raw/expanded-250w-v2-20260731/expanded-250w-v2-20260731-mtp-official-decode-1024-1024-c1.jsonl,results/telemetry/expanded-250w-v2-20260731/power-mtp-20260731-175457-159.csv,official;flush-cache-required
expanded-250w-v2-20260731,mtp,decode,1024,4096,1,3,2026-07-31T18:00:28.024+08:00,2026-07-31T18:03:11.717+08:00,1785492028025,1785492191716,passed,results/raw/expanded-250w-v2-20260731/expanded-250w-v2-20260731-mtp-official-decode-1024-4096-c1.jsonl,results/telemetry/expanded-250w-v2-20260731/power-mtp-20260731-175457-159.csv,official;flush-cache-required
expanded-250w-v2-20260731,mtp,decode,1024,8192,1,3,2026-07-31T18:03:11.753+08:00,2026-07-31T18:08:08.975+08:00,1785492191754,1785492488973,passed,results/raw/expanded-250w-v2-20260731/expanded-250w-v2-20260731-mtp-official-decode-1024-8192-c1.jsonl,results/telemetry/expanded-250w-v2-20260731/power-mtp-20260731-175457-159.csv,official;flush-cache-required
expanded-250w-v2-20260731,mtp,decode,4096,1024,1,3,2026-07-31T18:08:09.010+08:00,2026-07-31T18:09:12.239+08:00,1785492489011,1785492552237,passed,results/raw/expanded-250w-v2-20260731/expanded-250w-v2-20260731-mtp-official-decode-4096-1024-c1.jsonl,results/telemetry/expanded-250w-v2-20260731/power-mtp-20260731-175457-159.csv,official;flush-cache-required
expanded-250w-v2-20260731,mtp,decode,4096,4096,1,3,2026-07-31T18:09:12.270+08:00,2026-07-31T18:12:02.030+08:00,1785492552272,1785492722028,passed,results/raw/expanded-250w-v2-20260731/expanded-250w-v2-20260731-mtp-official-decode-4096-4096-c1.jsonl,results/telemetry/expanded-250w-v2-20260731/power-mtp-20260731-175457-159.csv,official;flush-cache-required
expanded-250w-v2-20260731,mtp,decode,4096,8192,1,3,2026-07-31T18:12:02.066+08:00,2026-07-31T18:16:52.493+08:00,1785492722068,1785493012491,passed,results/raw/expanded-250w-v2-20260731/expanded-250w-v2-20260731-mtp-official-decode-4096-8192-c1.jsonl,results/telemetry/expanded-250w-v2-20260731/power-mtp-20260731-175457-159.csv,official;flush-cache-required
expanded-250w-v2-20260731,mtp,decode,8192,1024,1,3,2026-07-31T18:16:52.527+08:00,2026-07-31T18:17:57.759+08:00,1785493012529,1785493077757,passed,results/raw/expanded-250w-v2-20260731/expanded-250w-v2-20260731-mtp-official-decode-8192-1024-c1.jsonl,results/telemetry/expanded-250w-v2-20260731/power-mtp-20260731-175457-159.csv,official;flush-cache-required
expanded-250w-v2-20260731,mtp,decode,8192,4096,1,3,2026-07-31T18:17:57.791+08:00,2026-07-31T18:20:44.485+08:00,1785493077792,1785493244483,passed,results/raw/expanded-250w-v2-20260731/expanded-250w-v2-20260731-mtp-official-decode-8192-4096-c1.jsonl,results/telemetry/expanded-250w-v2-20260731/power-mtp-20260731-175457-159.csv,official;flush-cache-required
expanded-250w-v2-20260731,mtp,decode,8192,8192,1,3,2026-07-31T18:20:44.518+08:00,2026-07-31T18:25:33.445+08:00,1785493244520,1785493533444,passed,results/raw/expanded-250w-v2-20260731/expanded-250w-v2-20260731-mtp-official-decode-8192-8192-c1.jsonl,results/telemetry/expanded-250w-v2-20260731/power-mtp-20260731-175457-159.csv,official;flush-cache-required
expanded-250w-v2-20260731,mtp,decode,20480,1024,1,3,2026-07-31T18:25:33.480+08:00,2026-07-31T18:26:46.169+08:00,1785493533482,1785493606167,passed,results/raw/expanded-250w-v2-20260731/expanded-250w-v2-20260731-mtp-official-decode-20480-1024-c1.jsonl,results/telemetry/expanded-250w-v2-20260731/power-mtp-20260731-175457-159.csv,official;flush-cache-required
expanded-250w-v2-20260731,mtp,decode,20480,4096,1,0,2026-07-31T18:26:46.203+08:00,2026-07-31T18:26:46.203+08:00,1785493606205,1785493606205,skipped-capacity,,results/telemetry/expanded-250w-v2-20260731/power-mtp-20260731-175457-159.csv,required-total-tokens-24576-not-supported-by-capacity-24576
expanded-250w-v2-20260731,mtp,decode,20480,8192,1,0,2026-07-31T18:26:46.207+08:00,2026-07-31T18:26:46.207+08:00,1785493606209,1785493606209,skipped-capacity,,results/telemetry/expanded-250w-v2-20260731/power-mtp-20260731-175457-159.csv,required-total-tokens-28672-not-supported-by-capacity-24576
expanded-250w-v2-20260731,baseline,prefill,512,1,1,3,2026-07-31T18:28:22.766+08:00,2026-07-31T18:28:49.245+08:00,1785493702768,1785493729242,passed,results/raw/expanded-250w-v2-20260731/expanded-250w-v2-20260731-baseline-official-prefill-512-1-c1.jsonl,results/telemetry/expanded-250w-v2-20260731/power-baseline-20260731-182654-117.csv,official;flush-cache-required
expanded-250w-v2-20260731,baseline,prefill,2048,1,1,3,2026-07-31T18:28:49.283+08:00,2026-07-31T18:29:14.987+08:00,1785493729285,1785493754985,passed,results/raw/expanded-250w-v2-20260731/expanded-250w-v2-20260731-baseline-official-prefill-2048-1-c1.jsonl,results/telemetry/expanded-250w-v2-20260731/power-baseline-20260731-182654-117.csv,official;flush-cache-required
expanded-250w-v2-20260731,baseline,prefill,4096,1,1,3,2026-07-31T18:29:15.018+08:00,2026-07-31T18:29:39.707+08:00,1785493755019,1785493779705,passed,results/raw/expanded-250w-v2-20260731/expanded-250w-v2-20260731-baseline-official-prefill-4096-1-c1.jsonl,results/telemetry/expanded-250w-v2-20260731/power-baseline-20260731-182654-117.csv,official;flush-cache-required
expanded-250w-v2-20260731,baseline,prefill,8192,1,1,3,2026-07-31T18:29:39.738+08:00,2026-07-31T18:30:09.596+08:00,1785493779740,1785493809594,passed,results/raw/expanded-250w-v2-20260731/expanded-250w-v2-20260731-baseline-official-prefill-8192-1-c1.jsonl,results/telemetry/expanded-250w-v2-20260731/power-baseline-20260731-182654-117.csv,official;flush-cache-required
expanded-250w-v2-20260731,baseline,prefill,12288,1,1,3,2026-07-31T18:30:09.627+08:00,2026-07-31T18:30:40.930+08:00,1785493809629,1785493840928,passed,results/raw/expanded-250w-v2-20260731/expanded-250w-v2-20260731-baseline-official-prefill-12288-1-c1.jsonl,results/telemetry/expanded-250w-v2-20260731/power-baseline-20260731-182654-117.csv,official;flush-cache-required
expanded-250w-v2-20260731,baseline,prefill,20480,1,1,3,2026-07-31T18:30:40.960+08:00,2026-07-31T18:31:18.290+08:00,1785493840961,1785493878288,passed,results/raw/expanded-250w-v2-20260731/expanded-250w-v2-20260731-baseline-official-prefill-20480-1-c1.jsonl,results/telemetry/expanded-250w-v2-20260731/power-baseline-20260731-182654-117.csv,official;flush-cache-required
expanded-250w-v2-20260731,baseline,decode,1024,1024,1,3,2026-07-31T18:31:18.323+08:00,2026-07-31T18:32:54.729+08:00,1785493878325,1785493974728,passed,results/raw/expanded-250w-v2-20260731/expanded-250w-v2-20260731-baseline-official-decode-1024-1024-c1.jsonl,results/telemetry/expanded-250w-v2-20260731/power-baseline-20260731-182654-117.csv,official;flush-cache-required
expanded-250w-v2-20260731,baseline,decode,1024,4096,1,3,2026-07-31T18:32:54.761+08:00,2026-07-31T18:38:11.265+08:00,1785493974762,1785494291263,passed,results/raw/expanded-250w-v2-20260731/expanded-250w-v2-20260731-baseline-official-decode-1024-4096-c1.jsonl,results/telemetry/expanded-250w-v2-20260731/power-baseline-20260731-182654-117.csv,official;flush-cache-required
expanded-250w-v2-20260731,baseline,decode,1024,8192,1,3,2026-07-31T18:38:11.302+08:00,2026-07-31T18:48:25.039+08:00,1785494291304,1785494905036,passed,results/raw/expanded-250w-v2-20260731/expanded-250w-v2-20260731-baseline-official-decode-1024-8192-c1.jsonl,results/telemetry/expanded-250w-v2-20260731/power-baseline-20260731-182654-117.csv,official;flush-cache-required
expanded-250w-v2-20260731,baseline,decode,4096,1024,1,3,2026-07-31T18:48:25.085+08:00,2026-07-31T18:50:06.227+08:00,1785494905087,1785495006226,passed,results/raw/expanded-250w-v2-20260731/expanded-250w-v2-20260731-baseline-official-decode-4096-1024-c1.jsonl,results/telemetry/expanded-250w-v2-20260731/power-baseline-20260731-182654-117.csv,official;flush-cache-required
expanded-250w-v2-20260731,baseline,decode,4096,4096,1,3,2026-07-31T18:50:06.260+08:00,2026-07-31T18:55:27.783+08:00,1785495006262,1785495327781,passed,results/raw/expanded-250w-v2-20260731/expanded-250w-v2-20260731-baseline-official-decode-4096-4096-c1.jsonl,results/telemetry/expanded-250w-v2-20260731/power-baseline-20260731-182654-117.csv,official;flush-cache-required
expanded-250w-v2-20260731,baseline,decode,4096,8192,1,3,2026-07-31T18:55:27.818+08:00,2026-07-31T19:05:48.821+08:00,1785495327820,1785495948819,passed,results/raw/expanded-250w-v2-20260731/expanded-250w-v2-20260731-baseline-official-decode-4096-8192-c1.jsonl,results/telemetry/expanded-250w-v2-20260731/power-baseline-20260731-182654-117.csv,official;flush-cache-required
expanded-250w-v2-20260731,baseline,decode,8192,1024,1,3,2026-07-31T19:05:48.863+08:00,2026-07-31T19:07:30.748+08:00,1785495948865,1785496050746,passed,results/raw/expanded-250w-v2-20260731/expanded-250w-v2-20260731-baseline-official-decode-8192-1024-c1.jsonl,results/telemetry/expanded-250w-v2-20260731/power-baseline-20260731-182654-117.csv,official;flush-cache-required
expanded-250w-v2-20260731,baseline,decode,8192,4096,1,3,2026-07-31T19:07:30.780+08:00,2026-07-31T19:12:57.674+08:00,1785496050782,1785496377672,passed,results/raw/expanded-250w-v2-20260731/expanded-250w-v2-20260731-baseline-official-decode-8192-4096-c1.jsonl,results/telemetry/expanded-250w-v2-20260731/power-baseline-20260731-182654-117.csv,official;flush-cache-required
expanded-250w-v2-20260731,baseline,decode,8192,8192,1,3,2026-07-31T19:12:57.717+08:00,2026-07-31T19:23:25.382+08:00,1785496377719,1785497005380,passed,results/raw/expanded-250w-v2-20260731/expanded-250w-v2-20260731-baseline-official-decode-8192-8192-c1.jsonl,results/telemetry/expanded-250w-v2-20260731/power-baseline-20260731-182654-117.csv,official;flush-cache-required
expanded-250w-v2-20260731,baseline,decode,20480,1024,1,3,2026-07-31T19:23:25.424+08:00,2026-07-31T19:25:19.936+08:00,1785497005426,1785497119934,passed,results/raw/expanded-250w-v2-20260731/expanded-250w-v2-20260731-baseline-official-decode-20480-1024-c1.jsonl,results/telemetry/expanded-250w-v2-20260731/power-baseline-20260731-182654-117.csv,official;flush-cache-required
expanded-250w-v2-20260731,baseline,decode,20480,4096,1,0,2026-07-31T19:25:19.972+08:00,2026-07-31T19:25:19.972+08:00,1785497119974,1785497119974,skipped-capacity,,results/telemetry/expanded-250w-v2-20260731/power-baseline-20260731-182654-117.csv,required-total-tokens-24576-not-supported-by-capacity-24576
expanded-250w-v2-20260731,baseline,decode,20480,8192,1,0,2026-07-31T19:25:19.976+08:00,2026-07-31T19:25:19.976+08:00,1785497119978,1785497119978,skipped-capacity,,results/telemetry/expanded-250w-v2-20260731/power-baseline-20260731-182654-117.csv,required-total-tokens-28672-not-supported-by-capacity-24576
expanded-250w-v2-20260731,mtp-c4,mixed,2048,512,4,20,2026-07-31T19:27:04.245+08:00,2026-07-31T19:28:15.934+08:00,1785497224246,1785497295932,passed,results/raw/expanded-250w-v2-20260731/expanded-250w-v2-20260731-mtp-c4-official-mixed-2048-512-c4.jsonl,results/telemetry/expanded-250w-v2-20260731/power-mtp-c4-20260731-192526-296.csv,official;flush-cache-required
expanded-250w-v2-20260731,mtp-c4,mixed,2048,1024,4,20,2026-07-31T19:28:15.976+08:00,2026-07-31T19:30:00.277+08:00,1785497295978,1785497400274,passed,results/raw/expanded-250w-v2-20260731/expanded-250w-v2-20260731-mtp-c4-official-mixed-2048-1024-c4.jsonl,results/telemetry/expanded-250w-v2-20260731/power-mtp-c4-20260731-192526-296.csv,official;flush-cache-required
expanded-250w-v2-20260731,mtp-c4,mixed,2048,2048,4,20,2026-07-31T19:30:00.318+08:00,2026-07-31T19:32:58.366+08:00,1785497400319,1785497578364,passed,results/raw/expanded-250w-v2-20260731/expanded-250w-v2-20260731-mtp-c4-official-mixed-2048-2048-c4.jsonl,results/telemetry/expanded-250w-v2-20260731/power-mtp-c4-20260731-192526-296.csv,official;flush-cache-required
expanded-250w-v2-20260731,mtp-c4,mixed,4096,512,4,20,2026-07-31T19:32:58.405+08:00,2026-07-31T19:34:23.071+08:00,1785497578406,1785497663069,passed,results/raw/expanded-250w-v2-20260731/expanded-250w-v2-20260731-mtp-c4-official-mixed-4096-512-c4.jsonl,results/telemetry/expanded-250w-v2-20260731/power-mtp-c4-20260731-192526-296.csv,official;flush-cache-required
expanded-250w-v2-20260731,mtp-c4,mixed,4096,1024,4,20,2026-07-31T19:34:23.105+08:00,2026-07-31T19:36:42.735+08:00,1785497663107,1785497802733,passed,results/raw/expanded-250w-v2-20260731/expanded-250w-v2-20260731-mtp-c4-official-mixed-4096-1024-c4.jsonl,results/telemetry/expanded-250w-v2-20260731/power-mtp-c4-20260731-192526-296.csv,official;flush-cache-required
expanded-250w-v2-20260731,mtp-c4,mixed,4096,2048,4,0,2026-07-31T19:36:42.788+08:00,2026-07-31T19:36:42.788+08:00,1785497802790,1785497802790,skipped-capacity,,results/telemetry/expanded-250w-v2-20260731/power-mtp-c4-20260731-192526-296.csv,required-total-tokens-24576-not-supported-by-capacity-20480
expanded-250w-v2-20260731,baseline-c4,mixed,2048,512,4,20,2026-07-31T19:38:27.217+08:00,2026-07-31T19:40:11.323+08:00,1785497907220,1785498011321,passed,results/raw/expanded-250w-v2-20260731/expanded-250w-v2-20260731-baseline-c4-official-mixed-2048-512-c4.jsonl,results/telemetry/expanded-250w-v2-20260731/power-baseline-c4-20260731-193651-191.csv,official;flush-cache-required
expanded-250w-v2-20260731,baseline-c4,mixed,2048,1024,4,20,2026-07-31T19:40:11.377+08:00,2026-07-31T19:43:00.723+08:00,1785498011380,1785498180721,passed,results/raw/expanded-250w-v2-20260731/expanded-250w-v2-20260731-baseline-c4-official-mixed-2048-1024-c4.jsonl,results/telemetry/expanded-250w-v2-20260731/power-baseline-c4-20260731-193651-191.csv,official;flush-cache-required
expanded-250w-v2-20260731,baseline-c4,mixed,2048,2048,4,20,2026-07-31T19:43:00.766+08:00,2026-07-31T19:48:06.745+08:00,1785498180768,1785498486743,passed,results/raw/expanded-250w-v2-20260731/expanded-250w-v2-20260731-baseline-c4-official-mixed-2048-2048-c4.jsonl,results/telemetry/expanded-250w-v2-20260731/power-baseline-c4-20260731-193651-191.csv,official;flush-cache-required
expanded-250w-v2-20260731,baseline-c4,mixed,4096,512,4,20,2026-07-31T19:48:06.803+08:00,2026-07-31T19:50:24.420+08:00,1785498486806,1785498624418,passed,results/raw/expanded-250w-v2-20260731/expanded-250w-v2-20260731-baseline-c4-official-mixed-4096-512-c4.jsonl,results/telemetry/expanded-250w-v2-20260731/power-baseline-c4-20260731-193651-191.csv,official;flush-cache-required
expanded-250w-v2-20260731,baseline-c4,mixed,4096,1024,4,20,2026-07-31T19:50:24.456+08:00,2026-07-31T19:54:15.603+08:00,1785498624458,1785498855600,passed,results/raw/expanded-250w-v2-20260731/expanded-250w-v2-20260731-baseline-c4-official-mixed-4096-1024-c4.jsonl,results/telemetry/expanded-250w-v2-20260731/power-baseline-c4-20260731-193651-191.csv,official;flush-cache-required
expanded-250w-v2-20260731,baseline-c4,mixed,4096,2048,4,0,2026-07-31T19:54:15.648+08:00,2026-07-31T19:54:15.648+08:00,1785498855650,1785498855650,skipped-capacity,,results/telemetry/expanded-250w-v2-20260731/power-baseline-c4-20260731-193651-191.csv,required-total-tokens-24576-not-supported-by-capacity-20480
expanded-250w-v2-20260731,mtp,sharegpt,dataset,natural,1,30,2026-07-31T22:08:11.484+08:00,2026-07-31T22:10:19.486+08:00,1785506891486,1785507019484,passed,results/raw/expanded-250w-v2-20260731/expanded-250w-v2-20260731-mtp-real-sharegpt-c1.jsonl,results/telemetry/expanded-250w-v2-20260731/power-mtp-20260731-220636-189.csv,dataset-sha256-35f0e213ce091ed9b9af2a1f0755e9d39f9ccec34ab281cd4ca60d70f6479ba4;seed-42;flush-cache-required
expanded-250w-v2-20260731,mtp,longbench_v2,dataset,natural,1,20,2026-07-31T22:10:19.519+08:00,2026-07-31T22:12:10.998+08:00,1785507019521,1785507130996,passed,results/raw/expanded-250w-v2-20260731/expanded-250w-v2-20260731-mtp-real-longbench_v2-c1.jsonl,results/telemetry/expanded-250w-v2-20260731/power-mtp-20260731-220636-189.csv,dataset-sha256-93ecd8a799ba868cfb2a1c28a38ce87653cb30eb211712030970020d39990058;seed-42;flush-cache-required
expanded-250w-v2-20260731,mtp,longbench_v2,dataset,512,1,20,2026-07-31T22:12:11.028+08:00,2026-07-31T22:16:02.935+08:00,1785507131030,1785507362934,passed,results/raw/expanded-250w-v2-20260731/expanded-250w-v2-20260731-mtp-real-longbench_v2-fixed-512-c1.jsonl,results/telemetry/expanded-250w-v2-20260731/power-mtp-20260731-220636-189.csv,dataset-sha256-93ecd8a799ba868cfb2a1c28a38ce87653cb30eb211712030970020d39990058;seed-42;flush-cache-required
expanded-250w-v2-20260731,baseline,sharegpt,dataset,natural,1,30,2026-07-31T22:17:40.298+08:00,2026-07-31T22:21:15.337+08:00,1785507460300,1785507675335,passed,results/raw/expanded-250w-v2-20260731/expanded-250w-v2-20260731-baseline-real-sharegpt-c1.jsonl,results/telemetry/expanded-250w-v2-20260731/power-baseline-20260731-221610-476.csv,dataset-sha256-35f0e213ce091ed9b9af2a1f0755e9d39f9ccec34ab281cd4ca60d70f6479ba4;seed-42;flush-cache-required
expanded-250w-v2-20260731,baseline,longbench_v2,dataset,natural,1,20,2026-07-31T22:21:15.372+08:00,2026-07-31T22:23:04.378+08:00,1785507675374,1785507784376,passed,results/raw/expanded-250w-v2-20260731/expanded-250w-v2-20260731-baseline-real-longbench_v2-c1.jsonl,results/telemetry/expanded-250w-v2-20260731/power-baseline-20260731-221610-476.csv,dataset-sha256-93ecd8a799ba868cfb2a1c28a38ce87653cb30eb211712030970020d39990058;seed-42;flush-cache-required
expanded-250w-v2-20260731,baseline,longbench_v2,dataset,512,1,20,2026-07-31T22:23:04.409+08:00,2026-07-31T22:29:01.221+08:00,1785507784411,1785508141220,passed,results/raw/expanded-250w-v2-20260731/expanded-250w-v2-20260731-baseline-real-longbench_v2-fixed-512-c1.jsonl,results/telemetry/expanded-250w-v2-20260731/power-baseline-20260731-221610-476.csv,dataset-sha256-93ecd8a799ba868cfb2a1c28a38ce87653cb30eb211712030970020d39990058;seed-42;flush-cache-required
expanded-250w-v2-20260731,mtp-c4,sharegpt,dataset,natural,4,20,2026-07-31T22:31:47.899+08:00,2026-07-31T22:32:45.995+08:00,1785508307901,1785508365993,passed,results/raw/expanded-250w-v2-20260731/expanded-250w-v2-20260731-mtp-c4-real-sharegpt-c4.jsonl,results/telemetry/expanded-250w-v2-20260731/power-mtp-c4-20260731-223012-034.csv,dataset-sha256-35f0e213ce091ed9b9af2a1f0755e9d39f9ccec34ab281cd4ca60d70f6479ba4;seed-42;flush-cache-required
expanded-250w-v2-20260731,baseline-c4,sharegpt,dataset,natural,4,20,2026-07-31T22:34:24.626+08:00,2026-07-31T22:35:41.269+08:00,1785508464629,1785508541267,passed,results/raw/expanded-250w-v2-20260731/expanded-250w-v2-20260731-baseline-c4-real-sharegpt-c4.jsonl,results/telemetry/expanded-250w-v2-20260731/power-baseline-c4-20260731-223252-556.csv,dataset-sha256-35f0e213ce091ed9b9af2a1f0755e9d39f9ccec34ab281cd4ca60d70f6479ba4;seed-42;flush-cache-required
