run_id,profile,workload,input_tokens,output_tokens,max_concurrency,status,samples_in_window,active_samples,active_mean_power_w,active_median_power_w,active_p95_power_w,active_mean_gpu_util_pct,active_mean_sm_clock_mhz,active_max_temperature_c,min_power_limit_w,max_power_limit_w,telemetry_file
expanded-250w-v2-20260731,mtp,prefill,512,1,1,passed,139,0,,,,,,,250.00,250.00,results/telemetry/expanded-250w-v2-20260731/power-mtp-20260731-175457-159.csv
expanded-250w-v2-20260731,mtp,prefill,2048,1,1,passed,119,4,247.53,249.54,254.98,99.8,1339,52,250.00,250.00,results/telemetry/expanded-250w-v2-20260731/power-mtp-20260731-175457-159.csv
expanded-250w-v2-20260731,mtp,prefill,4096,1,1,passed,128,11,222.81,248.89,258.29,98.8,1334,54,250.00,250.00,results/telemetry/expanded-250w-v2-20260731/power-mtp-20260731-175457-159.csv
expanded-250w-v2-20260731,mtp,prefill,8192,1,1,passed,143,26,238.82,250.12,255.25,98.5,1325,57,250.00,250.00,results/telemetry/expanded-250w-v2-20260731/power-mtp-20260731-175457-159.csv
expanded-250w-v2-20260731,mtp,prefill,12288,1,1,passed,158,42,241.55,249.09,258.17,98.1,1321,60,250.00,250.00,results/telemetry/expanded-250w-v2-20260731/power-mtp-20260731-175457-159.csv
expanded-250w-v2-20260731,mtp,prefill,20480,1,1,passed,195,74,242.23,249.16,267.86,98.4,1317,65,250.00,250.00,results/telemetry/expanded-250w-v2-20260731/power-mtp-20260731-175457-159.csv
expanded-250w-v2-20260731,mtp,decode,1024,1024,1,passed,304,191,219.55,219.72,234.15,94.7,1408,66,250.00,250.00,results/telemetry/expanded-250w-v2-20260731/power-mtp-20260731-175457-159.csv
expanded-250w-v2-20260731,mtp,decode,1024,4096,1,passed,816,700,234.98,234.79,251.60,94.7,1409,81,250.00,250.00,results/telemetry/expanded-250w-v2-20260731/power-mtp-20260731-175457-159.csv
expanded-250w-v2-20260731,mtp,decode,1024,8192,1,passed,1478,1348,239.57,240.24,255.56,94.6,1392,84,250.00,250.00,results/telemetry/expanded-250w-v2-20260731/power-mtp-20260731-175457-159.csv
expanded-250w-v2-20260731,mtp,decode,4096,1024,1,passed,316,204,240.47,240.51,254.40,94.9,1400,81,250.00,250.00,results/telemetry/expanded-250w-v2-20260731/power-mtp-20260731-175457-159.csv
expanded-250w-v2-20260731,mtp,decode,4096,4096,1,passed,845,725,242.28,242.01,256.83,94.7,1402,85,250.00,250.00,results/telemetry/expanded-250w-v2-20260731/power-mtp-20260731-175457-159.csv
expanded-250w-v2-20260731,mtp,decode,4096,8192,1,passed,1443,1326,240.16,241.47,257.01,94.8,1387,85,250.00,250.00,results/telemetry/expanded-250w-v2-20260731/power-mtp-20260731-175457-159.csv
expanded-250w-v2-20260731,mtp,decode,8192,1024,1,passed,325,202,241.29,240.46,256.24,95.3,1391,82,250.00,250.00,results/telemetry/expanded-250w-v2-20260731/power-mtp-20260731-175457-159.csv
expanded-250w-v2-20260731,mtp,decode,8192,4096,1,passed,829,705,243.32,242.86,259.90,95.0,1399,85,250.00,250.00,results/telemetry/expanded-250w-v2-20260731/power-mtp-20260731-175457-159.csv
expanded-250w-v2-20260731,mtp,decode,8192,8192,1,passed,1440,1323,242.80,241.85,255.17,94.5,1405,84,250.00,250.00,results/telemetry/expanded-250w-v2-20260731/power-mtp-20260731-175457-159.csv
expanded-250w-v2-20260731,mtp,decode,20480,1024,1,passed,363,251,235.90,233.75,254.44,96.0,1375,77,250.00,250.00,results/telemetry/expanded-250w-v2-20260731/power-mtp-20260731-175457-159.csv
expanded-250w-v2-20260731,mtp,decode,20480,4096,1,skipped-capacity,0,0,,,,,,,,,results/telemetry/expanded-250w-v2-20260731/power-mtp-20260731-175457-159.csv
expanded-250w-v2-20260731,mtp,decode,20480,8192,1,skipped-capacity,0,0,,,,,,,,,results/telemetry/expanded-250w-v2-20260731/power-mtp-20260731-175457-159.csv
expanded-250w-v2-20260731,baseline,prefill,512,1,1,passed,132,0,,,,,,,250.00,250.00,results/telemetry/expanded-250w-v2-20260731/power-baseline-20260731-182654-117.csv
expanded-250w-v2-20260731,baseline,prefill,2048,1,1,passed,128,6,247.29,251.61,254.89,98.7,1332,53,250.00,250.00,results/telemetry/expanded-250w-v2-20260731/power-baseline-20260731-182654-117.csv
expanded-250w-v2-20260731,baseline,prefill,4096,1,1,passed,123,12,233.29,249.56,258.20,98.6,1325,55,250.00,250.00,results/telemetry/expanded-250w-v2-20260731/power-baseline-20260731-182654-117.csv
expanded-250w-v2-20260731,baseline,prefill,8192,1,1,passed,148,26,243.50,250.29,264.82,98.6,1319,57,250.00,250.00,results/telemetry/expanded-250w-v2-20260731/power-baseline-20260731-182654-117.csv
expanded-250w-v2-20260731,baseline,prefill,12288,1,1,passed,157,40,239.00,249.61,260.63,98.7,1326,59,250.00,250.00,results/telemetry/expanded-250w-v2-20260731/power-baseline-20260731-182654-117.csv
expanded-250w-v2-20260731,baseline,prefill,20480,1,1,passed,185,71,246.20,248.61,257.17,98.7,1318,63,250.00,250.00,results/telemetry/expanded-250w-v2-20260731/power-baseline-20260731-182654-117.csv
expanded-250w-v2-20260731,baseline,decode,1024,1024,1,passed,481,367,229.69,231.71,237.52,100.0,1409,69,250.00,250.00,results/telemetry/expanded-250w-v2-20260731/power-baseline-20260731-182654-117.csv
expanded-250w-v2-20260731,baseline,decode,1024,4096,1,passed,1578,1466,243.15,245.02,249.65,100.0,1410,79,250.00,250.00,results/telemetry/expanded-250w-v2-20260731/power-baseline-20260731-182654-117.csv
expanded-250w-v2-20260731,baseline,decode,1024,8192,1,passed,3060,2943,247.42,248.11,251.95,100.0,1409,80,250.00,250.00,results/telemetry/expanded-250w-v2-20260731/power-baseline-20260731-182654-117.csv
expanded-250w-v2-20260731,baseline,decode,4096,1024,1,passed,504,379,240.83,241.25,246.30,100.0,1406,77,250.00,250.00,results/telemetry/expanded-250w-v2-20260731/power-baseline-20260731-182654-117.csv
expanded-250w-v2-20260731,baseline,decode,4096,4096,1,passed,1603,1487,245.45,245.89,252.85,100.0,1407,80,250.00,250.00,results/telemetry/expanded-250w-v2-20260731/power-baseline-20260731-182654-117.csv
expanded-250w-v2-20260731,baseline,decode,4096,8192,1,passed,3095,2974,247.63,247.61,254.36,100.0,1405,82,250.00,250.00,results/telemetry/expanded-250w-v2-20260731/power-baseline-20260731-182654-117.csv
expanded-250w-v2-20260731,baseline,decode,8192,1024,1,passed,507,397,241.34,241.91,248.09,99.9,1401,78,250.00,250.00,results/telemetry/expanded-250w-v2-20260731/power-baseline-20260731-182654-117.csv
expanded-250w-v2-20260731,baseline,decode,8192,4096,1,passed,1630,1511,245.89,246.30,253.23,100.0,1406,82,250.00,250.00,results/telemetry/expanded-250w-v2-20260731/power-baseline-20260731-182654-117.csv
expanded-250w-v2-20260731,baseline,decode,8192,8192,1,passed,3129,3012,247.74,247.73,254.29,100.0,1404,82,250.00,250.00,results/telemetry/expanded-250w-v2-20260731/power-baseline-20260731-182654-117.csv
expanded-250w-v2-20260731,baseline,decode,20480,1024,1,passed,571,452,243.74,243.87,255.19,99.8,1390,79,250.00,250.00,results/telemetry/expanded-250w-v2-20260731/power-baseline-20260731-182654-117.csv
expanded-250w-v2-20260731,baseline,decode,20480,4096,1,skipped-capacity,0,0,,,,,,,,,results/telemetry/expanded-250w-v2-20260731/power-baseline-20260731-182654-117.csv
expanded-250w-v2-20260731,baseline,decode,20480,8192,1,skipped-capacity,0,0,,,,,,,,,results/telemetry/expanded-250w-v2-20260731/power-baseline-20260731-182654-117.csv
expanded-250w-v2-20260731,mtp-c4,mixed,2048,512,4,passed,357,204,227.09,223.09,256.30,95.2,1391,67,250.00,250.00,results/telemetry/expanded-250w-v2-20260731/power-mtp-c4-20260731-192526-296.csv
expanded-250w-v2-20260731,mtp-c4,mixed,2048,1024,4,passed,520,372,231.57,230.89,252.16,95.2,1397,74,250.00,250.00,results/telemetry/expanded-250w-v2-20260731/power-mtp-c4-20260731-192526-296.csv
expanded-250w-v2-20260731,mtp-c4,mixed,2048,2048,4,passed,887,754,237.31,237.28,254.28,94.5,1403,79,250.00,250.00,results/telemetry/expanded-250w-v2-20260731/power-mtp-c4-20260731-192526-296.csv
expanded-250w-v2-20260731,mtp-c4,mixed,4096,512,4,passed,422,278,236.62,234.14,260.29,95.3,1369,76,250.00,250.00,results/telemetry/expanded-250w-v2-20260731/power-mtp-c4-20260731-192526-296.csv
expanded-250w-v2-20260731,mtp-c4,mixed,4096,1024,4,passed,695,565,235.76,235.30,254.55,94.6,1389,78,250.00,250.00,results/telemetry/expanded-250w-v2-20260731/power-mtp-c4-20260731-192526-296.csv
expanded-250w-v2-20260731,mtp-c4,mixed,4096,2048,4,skipped-capacity,0,0,,,,,,,,,results/telemetry/expanded-250w-v2-20260731/power-mtp-c4-20260731-192526-296.csv
expanded-250w-v2-20260731,baseline-c4,mixed,2048,512,4,passed,518,375,227.06,226.66,251.57,99.8,1398,72,250.00,250.00,results/telemetry/expanded-250w-v2-20260731/power-baseline-c4-20260731-193651-191.csv
expanded-250w-v2-20260731,baseline-c4,mixed,2048,1024,4,passed,844,714,234.43,235.38,244.66,99.9,1402,78,250.00,250.00,results/telemetry/expanded-250w-v2-20260731/power-baseline-c4-20260731-193651-191.csv
expanded-250w-v2-20260731,baseline-c4,mixed,2048,2048,4,passed,1525,1389,241.44,243.48,249.49,99.9,1406,81,250.00,250.00,results/telemetry/expanded-250w-v2-20260731/power-baseline-c4-20260731-193651-191.csv
expanded-250w-v2-20260731,baseline-c4,mixed,4096,512,4,passed,685,551,238.15,237.85,254.50,99.7,1390,79,250.00,250.00,results/telemetry/expanded-250w-v2-20260731/power-baseline-c4-20260731-193651-191.csv
expanded-250w-v2-20260731,baseline-c4,mixed,4096,1024,4,passed,1152,1017,241.66,243.36,250.67,99.8,1398,81,250.00,250.00,results/telemetry/expanded-250w-v2-20260731/power-baseline-c4-20260731-193651-191.csv
expanded-250w-v2-20260731,baseline-c4,mixed,4096,2048,4,skipped-capacity,0,0,,,,,,,,,results/telemetry/expanded-250w-v2-20260731/power-baseline-c4-20260731-193651-191.csv
expanded-250w-v2-20260731,mtp,sharegpt,dataset,natural,1,passed,638,452,215.24,215.98,233.83,94.6,1407,71,250.00,250.00,results/telemetry/expanded-250w-v2-20260731/power-mtp-20260731-220636-189.csv
expanded-250w-v2-20260731,mtp,longbench_v2,dataset,natural,1,passed,556,430,245.73,249.91,266.14,98.2,1297,78,250.00,250.00,results/telemetry/expanded-250w-v2-20260731/power-mtp-20260731-220636-189.csv
expanded-250w-v2-20260731,mtp,longbench_v2,dataset,512,1,passed,1157,1032,241.18,240.36,258.18,96.2,1360,81,250.00,250.00,results/telemetry/expanded-250w-v2-20260731/power-mtp-20260731-220636-189.csv
expanded-250w-v2-20260731,baseline,sharegpt,dataset,natural,1,passed,1073,889,233.63,237.04,244.23,99.9,1409,78,250.00,250.00,results/telemetry/expanded-250w-v2-20260731/power-baseline-20260731-221610-476.csv
expanded-250w-v2-20260731,baseline,longbench_v2,dataset,natural,1,passed,543,425,246.32,249.61,260.51,98.8,1293,79,250.00,250.00,results/telemetry/expanded-250w-v2-20260731/power-baseline-20260731-221610-476.csv
expanded-250w-v2-20260731,baseline,longbench_v2,dataset,512,1,passed,1778,1655,246.84,247.33,255.90,99.7,1376,82,250.00,250.00,results/telemetry/expanded-250w-v2-20260731/power-baseline-20260731-221610-476.csv
expanded-250w-v2-20260731,mtp-c4,sharegpt,dataset,natural,4,passed,289,103,207.25,212.83,244.91,94.8,1405,60,250.00,250.00,results/telemetry/expanded-250w-v2-20260731/power-mtp-c4-20260731-223012-034.csv
expanded-250w-v2-20260731,baseline-c4,sharegpt,dataset,natural,4,passed,382,198,213.94,216.12,226.73,99.8,1408,63,250.00,250.00,results/telemetry/expanded-250w-v2-20260731/power-baseline-c4-20260731-223252-556.csv
