run_id,profile,workload,input_tokens,output_tokens,max_concurrency,requests,status,completed,duration_s,actual_concurrency,total_input_tokens,mean_input_tokens,median_input_tokens,max_input_tokens,total_output_tokens,mean_output_tokens,median_output_tokens,max_output_tokens,input_tok_s,e2e_output_tok_s,steady_decode_tok_s,mean_e2e_latency_ms,median_e2e_latency_ms,p95_e2e_latency_ms,mean_ttft_ms,median_ttft_ms,p95_ttft_ms,mean_tpot_ms,median_tpot_ms,p95_tpot_ms,accept_length,result_file,note
expanded-250w-v2-20260731,mtp,prefill,512,1,1,3,passed,3,0.725,0.981,1536,512.000,512.000,512.000,3,1.000,1.000,1.000,2119.077,4.139,,236.992,234.037,253.949,236.969,234.019,253.925,0.000,0.000,0.000,,results/raw/expanded-250w-v2-20260731/expanded-250w-v2-20260731-mtp-official-prefill-512-1-c1.jsonl,official;flush-cache-required
expanded-250w-v2-20260731,mtp,prefill,2048,1,1,3,passed,3,1.490,0.991,6144,2048.000,2048.000,2048.000,3,1.000,1.000,1.000,4122.158,2.013,,492.286,486.986,506.367,492.263,486.969,506.343,0.000,0.000,0.000,,results/raw/expanded-250w-v2-20260731/expanded-250w-v2-20260731-mtp-official-prefill-2048-1-c1.jsonl,official;flush-cache-required
expanded-250w-v2-20260731,mtp,prefill,4096,1,1,3,passed,3,2.860,0.996,12288,4096.000,4096.000,4096.000,3,1.000,1.000,1.000,4296.733,1.049,,949.342,937.674,972.787,949.311,937.635,972.762,0.000,0.000,0.000,,results/raw/expanded-250w-v2-20260731/expanded-250w-v2-20260731-mtp-official-prefill-4096-1-c1.jsonl,official;flush-cache-required
expanded-250w-v2-20260731,mtp,prefill,8192,1,1,3,passed,3,5.789,0.996,24576,8192.000,8192.000,8192.000,3,1.000,1.000,1.000,4245.306,0.518,,1921.213,1905.055,1949.262,1921.185,1905.024,1949.238,0.000,0.000,0.000,,results/raw/expanded-250w-v2-20260731/expanded-250w-v2-20260731-mtp-official-prefill-8192-1-c1.jsonl,official;flush-cache-required
expanded-250w-v2-20260731,mtp,prefill,12288,1,1,3,passed,3,8.898,0.999,36864,12288.000,12288.000,12288.000,3,1.000,1.000,1.000,4142.830,0.337,,2961.941,2946.089,2989.334,2961.917,2946.059,2989.309,0.000,0.000,0.000,,results/raw/expanded-250w-v2-20260731/expanded-250w-v2-20260731-mtp-official-prefill-12288-1-c1.jsonl,official;flush-cache-required
expanded-250w-v2-20260731,mtp,prefill,20480,1,1,3,passed,3,15.706,0.999,61440,20480.000,20480.000,20480.000,3,1.000,1.000,1.000,3911.911,0.191,,5230.410,5207.546,5279.399,5230.385,5207.514,5279.375,0.000,0.000,0.000,,results/raw/expanded-250w-v2-20260731/expanded-250w-v2-20260731-mtp-official-prefill-20480-1-c1.jsonl,official;flush-cache-required
expanded-250w-v2-20260731,mtp,decode,1024,1024,1,3,passed,3,38.365,0.999,3072,1024.000,1024.000,1024.000,3072,1024.000,1024.000,1024.000,80.073,80.073,81.780,12777.849,12688.169,13180.026,268.689,267.605,272.807,12.228,12.141,12.617,2.960,results/raw/expanded-250w-v2-20260731/expanded-250w-v2-20260731-mtp-official-decode-1024-1024-c1.jsonl,official;flush-cache-required
expanded-250w-v2-20260731,mtp,decode,1024,4096,1,3,passed,3,140.941,1.000,3072,1024.000,1024.000,1024.000,12288,4096.000,4096.000,4096.000,21.796,87.185,87.691,46969.342,45594.435,51168.806,271.128,271.787,271.809,11.404,11.068,12.429,3.179,results/raw/expanded-250w-v2-20260731/expanded-250w-v2-20260731-mtp-official-decode-1024-4096-c1.jsonl,official;flush-cache-required
expanded-250w-v2-20260731,mtp,decode,1024,8192,1,3,passed,3,272.270,1.000,3072,1024.000,1024.000,1024.000,24576,8192.000,8192.000,8192.000,11.283,90.263,90.540,90745.363,86869.685,102331.178,276.619,276.579,279.455,11.045,10.572,12.459,3.311,results/raw/expanded-250w-v2-20260731/expanded-250w-v2-20260731-mtp-official-decode-1024-8192-c1.jsonl,official;flush-cache-required
expanded-250w-v2-20260731,mtp,decode,4096,1024,1,3,passed,3,41.462,0.999,12288,4096.000,4096.000,4096.000,3072,1024.000,1024.000,1024.000,296.367,74.092,79.686,13808.840,13795.529,14234.801,970.904,962.990,989.775,12.549,12.550,12.948,2.909,results/raw/expanded-250w-v2-20260731/expanded-250w-v2-20260731-mtp-official-decode-4096-1024-c1.jsonl,official;flush-cache-required
expanded-250w-v2-20260731,mtp,decode,4096,4096,1,3,passed,3,146.541,1.000,12288,4096.000,4096.000,4096.000,12288,4096.000,4096.000,4096.000,83.854,83.854,85.555,48836.295,46096.804,54714.164,972.321,971.311,979.907,11.688,11.021,13.124,3.125,results/raw/expanded-250w-v2-20260731/expanded-250w-v2-20260731-mtp-official-decode-4096-4096-c1.jsonl,official;flush-cache-required
expanded-250w-v2-20260731,mtp,decode,4096,8192,1,3,passed,3,267.877,1.000,12288,4096.000,4096.000,4096.000,24576,8192.000,8192.000,8192.000,45.872,91.744,92.777,89281.304,86138.651,97749.104,994.096,975.375,1034.048,10.779,10.397,11.807,3.413,results/raw/expanded-250w-v2-20260731/expanded-250w-v2-20260731-mtp-official-decode-4096-8192-c1.jsonl,official;flush-cache-required
expanded-250w-v2-20260731,mtp,decode,8192,1024,1,3,passed,3,41.267,0.999,24576,8192.000,8192.000,8192.000,3072,1024.000,1024.000,1024.000,595.539,74.442,86.827,13743.402,14791.339,15064.785,1961.388,1956.527,1970.339,11.517,12.546,12.800,3.198,results/raw/expanded-250w-v2-20260731/expanded-250w-v2-20260731-mtp-official-decode-8192-1024-c1.jsonl,official;flush-cache-required
expanded-250w-v2-20260731,mtp,decode,8192,4096,1,3,passed,3,142.594,1.000,24576,8192.000,8192.000,8192.000,12288,4096.000,4096.000,4096.000,172.349,86.175,89.889,47520.419,46703.005,55258.053,1964.159,1962.076,1969.034,11.125,10.926,13.013,3.319,results/raw/expanded-250w-v2-20260731/expanded-250w-v2-20260731-mtp-official-decode-8192-4096-c1.jsonl,official;flush-cache-required
expanded-250w-v2-20260731,mtp,decode,8192,8192,1,3,passed,3,266.098,1.000,24576,8192.000,8192.000,8192.000,24576,8192.000,8192.000,8192.000,92.357,92.357,94.454,88688.165,85848.640,93662.291,1968.310,1975.077,1976.820,10.587,10.240,11.196,3.504,results/raw/expanded-250w-v2-20260731/expanded-250w-v2-20260731-mtp-official-decode-8192-8192-c1.jsonl,official;flush-cache-required
expanded-250w-v2-20260731,mtp,decode,20480,1024,1,3,passed,3,50.882,0.999,61440,20480.000,20480.000,20480.000,3072,1024.000,1024.000,1024.000,1207.510,60.375,87.739,16949.005,17185.194,18599.856,5289.455,5294.130,5312.679,11.397,11.604,13.035,3.316,results/raw/expanded-250w-v2-20260731/expanded-250w-v2-20260731-mtp-official-decode-20480-1024-c1.jsonl,official;flush-cache-required
expanded-250w-v2-20260731,mtp,decode,20480,4096,1,0,skipped-capacity,,,,,,,,,,,,,,,,,,,,,,,,,,required-total-tokens-24576-not-supported-by-capacity-24576
expanded-250w-v2-20260731,mtp,decode,20480,8192,1,0,skipped-capacity,,,,,,,,,,,,,,,,,,,,,,,,,,required-total-tokens-28672-not-supported-by-capacity-24576
expanded-250w-v2-20260731,baseline,prefill,512,1,1,3,passed,3,0.660,0.957,1536,512.000,512.000,512.000,3,1.000,1.000,1.000,2326.171,4.543,,210.576,207.762,217.537,210.549,207.738,217.518,0.000,0.000,0.000,,results/raw/expanded-250w-v2-20260731/expanded-250w-v2-20260731-baseline-official-prefill-512-1-c1.jsonl,official;flush-cache-required
expanded-250w-v2-20260731,baseline,prefill,2048,1,1,3,passed,3,1.387,0.979,6144,2048.000,2048.000,2048.000,3,1.000,1.000,1.000,4428.561,2.162,,452.744,444.802,467.404,452.720,444.773,467.380,0.000,0.000,0.000,,results/raw/expanded-250w-v2-20260731/expanded-250w-v2-20260731-baseline-official-prefill-2048-1-c1.jsonl,official;flush-cache-required
expanded-250w-v2-20260731,baseline,prefill,4096,1,1,3,passed,3,2.694,0.989,12288,4096.000,4096.000,4096.000,3,1.000,1.000,1.000,4561.559,1.114,,888.097,881.495,900.562,888.072,881.462,900.537,0.000,0.000,0.000,,results/raw/expanded-250w-v2-20260731/expanded-250w-v2-20260731-baseline-official-prefill-4096-1-c1.jsonl,official;flush-cache-required
expanded-250w-v2-20260731,baseline,prefill,8192,1,1,3,passed,3,5.509,0.994,24576,8192.000,8192.000,8192.000,3,1.000,1.000,1.000,4460.704,0.545,,1825.962,1809.253,1862.072,1825.931,1809.203,1862.045,0.000,0.000,0.000,,results/raw/expanded-250w-v2-20260731/expanded-250w-v2-20260731-baseline-official-prefill-8192-1-c1.jsonl,official;flush-cache-required
expanded-250w-v2-20260731,baseline,prefill,12288,1,1,3,passed,3,8.461,0.996,36864,12288.000,12288.000,12288.000,3,1.000,1.000,1.000,4356.717,0.355,,2808.987,2800.616,2823.402,2808.958,2800.573,2823.377,0.000,0.000,0.000,,results/raw/expanded-250w-v2-20260731/expanded-250w-v2-20260731-baseline-official-prefill-12288-1-c1.jsonl,official;flush-cache-required
expanded-250w-v2-20260731,baseline,prefill,20480,1,1,3,passed,3,14.939,0.998,61440,20480.000,20480.000,20480.000,3,1.000,1.000,1.000,4112.762,0.201,,4969.293,4968.887,4991.793,4969.256,4968.854,4991.768,0.000,0.000,0.000,,results/raw/expanded-250w-v2-20260731/expanded-250w-v2-20260731-baseline-official-prefill-20480-1-c1.jsonl,official;flush-cache-required
expanded-250w-v2-20260731,baseline,decode,1024,1024,1,3,passed,3,73.842,1.000,3072,1024.000,1024.000,1024.000,3072,1024.000,1024.000,1024.000,41.602,41.602,42.003,24602.672,24600.911,24608.367,247.463,244.933,253.739,23.808,23.808,23.808,,results/raw/expanded-250w-v2-20260731/expanded-250w-v2-20260731-baseline-official-decode-1024-1024-c1.jsonl,official;flush-cache-required
expanded-250w-v2-20260731,baseline,decode,1024,4096,1,3,passed,3,294.209,1.000,3072,1024.000,1024.000,1024.000,12288,4096.000,4096.000,4096.000,10.442,41.766,41.869,98057.973,98058.140,98058.310,251.883,252.234,254.401,23.884,23.884,23.885,,results/raw/expanded-250w-v2-20260731/expanded-250w-v2-20260731-baseline-official-decode-1024-4096-c1.jsonl,official;flush-cache-required
expanded-250w-v2-20260731,baseline,decode,1024,8192,1,3,passed,3,590.410,1.000,3072,1024.000,1024.000,1024.000,24576,8192.000,8192.000,8192.000,5.203,41.625,41.679,196790.267,196775.006,196816.896,265.392,257.041,283.471,23.993,23.992,23.994,,results/raw/expanded-250w-v2-20260731/expanded-250w-v2-20260731-baseline-official-decode-1024-8192-c1.jsonl,official;flush-cache-required
expanded-250w-v2-20260731,baseline,decode,4096,1024,1,3,passed,3,76.349,1.000,12288,4096.000,4096.000,4096.000,3072,1024.000,1024.000,1024.000,160.945,40.236,41.711,25437.466,25433.897,25447.964,911.344,905.365,922.063,23.975,23.974,23.977,,results/raw/expanded-250w-v2-20260731/expanded-250w-v2-20260731-baseline-official-decode-4096-1024-c1.jsonl,official;flush-cache-required
expanded-250w-v2-20260731,baseline,decode,4096,4096,1,3,passed,3,298.326,1.000,12288,4096.000,4096.000,4096.000,12288,4096.000,4096.000,4096.000,41.190,41.190,41.568,99430.883,99410.903,99468.030,918.505,917.236,922.296,24.057,24.051,24.066,,results/raw/expanded-250w-v2-20260731/expanded-250w-v2-20260731-baseline-official-decode-4096-4096-c1.jsonl,official;flush-cache-required
expanded-250w-v2-20260731,baseline,decode,4096,8192,1,3,passed,3,596.706,1.000,12288,4096.000,4096.000,4096.000,24576,8192.000,8192.000,8192.000,20.593,41.186,41.377,198890.602,198953.204,198960.098,928.043,926.431,937.576,24.168,24.177,24.177,,results/raw/expanded-250w-v2-20260731/expanded-250w-v2-20260731-baseline-official-decode-4096-8192-c1.jsonl,official;flush-cache-required
expanded-250w-v2-20260731,baseline,decode,8192,1024,1,3,passed,3,79.812,1.000,24576,8192.000,8192.000,8192.000,3072,1024.000,1024.000,1024.000,307.922,38.490,41.379,26592.357,26584.524,26607.992,1869.555,1862.020,1883.945,24.167,24.168,24.168,,results/raw/expanded-250w-v2-20260731/expanded-250w-v2-20260731-baseline-official-decode-8192-1024-c1.jsonl,official;flush-cache-required
expanded-250w-v2-20260731,baseline,decode,8192,4096,1,3,passed,3,303.713,1.000,24576,8192.000,8192.000,8192.000,12288,4096.000,4096.000,4096.000,80.919,40.459,41.225,101223.731,101212.714,101269.233,1890.323,1887.805,1905.412,24.257,24.251,24.269,,results/raw/expanded-250w-v2-20260731/expanded-250w-v2-20260731-baseline-official-decode-8192-4096-c1.jsonl,official;flush-cache-required
expanded-250w-v2-20260731,baseline,decode,8192,8192,1,3,passed,3,604.337,1.000,24576,8192.000,8192.000,8192.000,24576,8192.000,8192.000,8192.000,40.666,40.666,41.045,201433.666,201514.290,201516.970,1874.409,1880.585,1881.861,24.363,24.372,24.373,,results/raw/expanded-250w-v2-20260731/expanded-250w-v2-20260731-baseline-official-decode-8192-8192-c1.jsonl,official;flush-cache-required
expanded-250w-v2-20260731,baseline,decode,20480,1024,1,3,passed,3,91.218,1.000,61440,20480.000,20480.000,20480.000,3072,1024.000,1024.000,1024.000,673.552,33.678,40.417,30395.012,30387.426,30415.314,5083.827,5073.689,5103.102,24.742,24.743,24.744,,results/raw/expanded-250w-v2-20260731/expanded-250w-v2-20260731-baseline-official-decode-20480-1024-c1.jsonl,official;flush-cache-required
expanded-250w-v2-20260731,baseline,decode,20480,4096,1,0,skipped-capacity,,,,,,,,,,,,,,,,,,,,,,,,,,required-total-tokens-24576-not-supported-by-capacity-24576
expanded-250w-v2-20260731,baseline,decode,20480,8192,1,0,skipped-capacity,,,,,,,,,,,,,,,,,,,,,,,,,,required-total-tokens-28672-not-supported-by-capacity-24576
expanded-250w-v2-20260731,mtp-c4,mixed,2048,512,4,20,passed,20,46.008,3.894,40960,2048.000,2048.000,2048.000,10240,512.000,512.000,512.000,890.278,222.569,62.095,8956.667,8921.631,10254.651,727.290,524.527,1794.934,16.104,16.123,18.238,3.027,results/raw/expanded-250w-v2-20260731/expanded-250w-v2-20260731-mtp-c4-official-mixed-2048-512-c4.jsonl,official;flush-cache-required
expanded-250w-v2-20260731,mtp-c4,mixed,2048,1024,4,20,passed,20,80.617,3.917,40960,2048.000,2048.000,2048.000,20480,1024.000,1024.000,1024.000,508.084,254.042,67.899,15789.254,15985.799,17380.237,722.745,521.301,1811.570,14.728,14.660,16.421,3.046,results/raw/expanded-250w-v2-20260731/expanded-250w-v2-20260731-mtp-c4-official-mixed-2048-1024-c4.jsonl,official;flush-cache-required
expanded-250w-v2-20260731,mtp-c4,mixed,2048,2048,4,20,passed,20,152.093,3.842,40960,2048.000,2048.000,2048.000,40960,2048.000,2048.000,2048.000,269.308,269.308,71.884,29214.426,28910.185,33867.406,737.828,527.840,1911.152,13.911,13.866,16.251,3.095,results/raw/expanded-250w-v2-20260731/expanded-250w-v2-20260731-mtp-c4-official-mixed-2048-2048-c4.jsonl,official;flush-cache-required
expanded-250w-v2-20260731,mtp-c4,mixed,4096,512,4,20,passed,20,58.734,3.729,81920,4096.000,4096.000,4096.000,10240,512.000,512.000,512.000,1394.757,174.345,56.752,10949.876,10821.572,13524.144,1945.728,1133.329,3514.239,17.621,18.032,20.979,3.143,results/raw/expanded-250w-v2-20260731/expanded-250w-v2-20260731-mtp-c4-official-mixed-4096-512-c4.jsonl,official;flush-cache-required
expanded-250w-v2-20260731,mtp-c4,mixed,4096,1024,4,20,passed,20,114.263,3.749,81920,4096.000,4096.000,4096.000,20480,1024.000,1024.000,1024.000,716.944,179.236,67.857,21416.622,19164.567,30611.415,6340.885,3193.239,14039.370,14.737,15.001,17.747,3.045,results/raw/expanded-250w-v2-20260731/expanded-250w-v2-20260731-mtp-c4-official-mixed-4096-1024-c4.jsonl,official;flush-cache-required
expanded-250w-v2-20260731,mtp-c4,mixed,4096,2048,4,0,skipped-capacity,,,,,,,,,,,,,,,,,,,,,,,,,,required-total-tokens-24576-not-supported-by-capacity-20480
expanded-250w-v2-20260731,baseline-c4,mixed,2048,512,4,20,passed,20,75.925,3.998,40960,2048.000,2048.000,2048.000,10240,512.000,512.000,512.000,539.483,134.871,36.710,15176.634,15170.556,15235.918,1256.656,1310.088,1756.396,27.241,27.163,28.424,,results/raw/expanded-250w-v2-20260731/expanded-250w-v2-20260731-baseline-c4-official-mixed-2048-512-c4.jsonl,official;flush-cache-required
expanded-250w-v2-20260731,baseline-c4,mixed,2048,1024,4,20,passed,20,143.436,3.999,40960,2048.000,2048.000,2048.000,20480,1024.000,1024.000,1024.000,285.563,142.781,37.316,28679.103,28685.884,28693.933,1264.746,1313.578,1772.429,26.798,26.747,27.395,,results/raw/expanded-250w-v2-20260731/expanded-250w-v2-20260731-baseline-c4-official-mixed-2048-1024-c4.jsonl,official;flush-cache-required
expanded-250w-v2-20260731,baseline-c4,mixed,2048,2048,4,20,passed,20,279.158,3.999,40960,2048.000,2048.000,2048.000,40960,2048.000,2048.000,2048.000,146.727,146.727,37.527,55822.165,55823.694,55833.457,1274.634,1318.450,1782.925,26.648,26.624,26.947,,results/raw/expanded-250w-v2-20260731/expanded-250w-v2-20260731-baseline-c4-official-mixed-2048-2048-c4.jsonl,official;flush-cache-required
expanded-250w-v2-20260731,baseline-c4,mixed,4096,512,4,20,passed,20,111.173,3.734,81920,4096.000,4096.000,4096.000,10240,512.000,512.000,512.000,736.870,92.109,36.443,20753.713,16039.413,32274.888,6731.793,2684.636,17164.732,27.440,27.447,29.233,,results/raw/expanded-250w-v2-20260731/expanded-250w-v2-20260731-baseline-c4-official-mixed-4096-512-c4.jsonl,official;flush-cache-required
expanded-250w-v2-20260731,baseline-c4,mixed,4096,1024,4,20,passed,20,204.330,3.728,81920,4096.000,4096.000,4096.000,20480,1024.000,1024.000,1024.000,400.920,100.230,37.378,38089.667,29445.019,58891.117,10720.699,2674.172,30575.311,26.754,26.818,27.692,,results/raw/expanded-250w-v2-20260731/expanded-250w-v2-20260731-baseline-c4-official-mixed-4096-1024-c4.jsonl,official;flush-cache-required
expanded-250w-v2-20260731,baseline-c4,mixed,4096,2048,4,0,skipped-capacity,,,,,,,,,,,,,,,,,,,,,,,,,,required-total-tokens-24576-not-supported-by-capacity-20480
expanded-250w-v2-20260731,mtp,sharegpt,dataset,natural,1,30,passed,30,99.938,1.000,14280,476.000,204.000,4253.000,7555,251.833,218.500,810.000,142.888,75.597,83.865,3329.673,2845.414,8596.581,275.796,231.138,385.823,11.924,12.214,14.057,2.984,results/raw/expanded-250w-v2-20260731/expanded-250w-v2-20260731-mtp-real-sharegpt-c1.jsonl,dataset-sha256-35f0e213ce091ed9b9af2a1f0755e9d39f9ccec34ab281cd4ca60d70f6479ba4;seed-42;flush-cache-required
expanded-250w-v2-20260731,mtp,longbench_v2,dataset,natural,1,20,passed,20,91.716,1.000,347345,17367.250,17844.000,22842.000,200,10.000,10.000,10.000,3787.187,2.181,72.145,4583.578,4726.017,5435.665,4458.829,4593.937,5286.953,13.861,12.441,16.820,3.100,results/raw/expanded-250w-v2-20260731/expanded-250w-v2-20260731-mtp-real-longbench_v2-c1.jsonl,dataset-sha256-93ecd8a799ba868cfb2a1c28a38ce87653cb30eb211712030970020d39990058;seed-42;flush-cache-required
expanded-250w-v2-20260731,mtp,longbench_v2,dataset,512,1,20,passed,20,212.473,1.000,347345,17367.250,17844.000,22842.000,10240,512.000,512.000,512.000,1634.775,48.194,83.252,10621.553,10913.952,11742.224,4483.586,4611.105,5335.913,12.012,11.920,13.297,3.121,results/raw/expanded-250w-v2-20260731/expanded-250w-v2-20260731-mtp-real-longbench_v2-fixed-512-c1.jsonl,dataset-sha256-93ecd8a799ba868cfb2a1c28a38ce87653cb30eb211712030970020d39990058;seed-42;flush-cache-required
expanded-250w-v2-20260731,baseline,sharegpt,dataset,natural,1,30,passed,30,186.485,1.000,14280,476.000,204.000,4253.000,7555,251.833,218.500,810.000,76.574,40.513,42.431,6214.654,5375.763,16550.842,254.135,212.206,361.975,23.567,23.755,23.814,,results/raw/expanded-250w-v2-20260731/expanded-250w-v2-20260731-baseline-real-sharegpt-c1.jsonl,dataset-sha256-35f0e213ce091ed9b9af2a1f0755e9d39f9ccec34ab281cd4ca60d70f6479ba4;seed-42;flush-cache-required
expanded-250w-v2-20260731,baseline,longbench_v2,dataset,natural,1,20,passed,20,90.145,1.000,347345,17367.250,17844.000,22842.000,200,10.000,10.000,10.000,3853.164,2.219,41.014,4505.216,4623.101,5331.071,4285.776,4401.831,5108.322,24.382,24.516,24.714,,results/raw/expanded-250w-v2-20260731/expanded-250w-v2-20260731-baseline-real-longbench_v2-c1.jsonl,dataset-sha256-93ecd8a799ba868cfb2a1c28a38ce87653cb30eb211712030970020d39990058;seed-42;flush-cache-required
expanded-250w-v2-20260731,baseline,longbench_v2,dataset,512,1,20,passed,20,337.863,1.000,347345,17367.250,17844.000,22842.000,10240,512.000,512.000,512.000,1028.064,30.308,40.650,16890.982,17020.583,17791.019,4320.202,4438.867,5150.054,24.600,24.615,24.740,,results/raw/expanded-250w-v2-20260731/expanded-250w-v2-20260731-baseline-real-longbench_v2-fixed-512-c1.jsonl,dataset-sha256-93ecd8a799ba868cfb2a1c28a38ce87653cb30eb211712030970020d39990058;seed-42;flush-cache-required
expanded-250w-v2-20260731,mtp-c4,sharegpt,dataset,natural,4,20,passed,20,26.644,3.840,8466,423.300,239.000,1751.000,5973,298.650,280.000,810.000,317.740,224.174,67.752,5116.171,4598.016,12480.026,438.524,279.866,1029.568,14.760,14.602,17.355,2.884,results/raw/expanded-250w-v2-20260731/expanded-250w-v2-20260731-mtp-c4-real-sharegpt-c4.jsonl,dataset-sha256-35f0e213ce091ed9b9af2a1f0755e9d39f9ccec34ab281cd4ca60d70f6479ba4;seed-42;flush-cache-required
expanded-250w-v2-20260731,baseline-c4,sharegpt,dataset,natural,4,20,passed,20,44.713,3.808,8466,423.300,239.000,1751.000,5973,298.650,280.000,810.000,189.340,133.585,37.308,8512.962,8064.964,21586.814,298.782,258.699,437.878,26.804,27.109,28.749,,results/raw/expanded-250w-v2-20260731/expanded-250w-v2-20260731-baseline-c4-real-sharegpt-c4.jsonl,dataset-sha256-35f0e213ce091ed9b9af2a1f0755e9d39f9ccec34ab281cd4ca60d70f6479ba4;seed-42;flush-cache-required
